{
  "type": "FeatureCollection",
  "features": [
    {
      "type": "Feature",
      "properties": {
        "id": "05990cb4539b448c85e7dd6a06d6748d",
        "name": "Segment 001",
        "order": 1,
        "structure_type": "abandoned",
        "water_status": "unknown",
        "continuous": true
      },
      "geometry": {
        "type": "LineString",
        "coordinates": [
          [
            7.363904812838882,
            46.20851102704182
          ],
          [
            7.364016306120902,
            46.20846522413194
          ],
          [
            7.364129094872624,
            46.20841942215338
          ],
          [
            7.364240586291999,
            46.20837451843545
          ],
          [
            7.364352079108357,
            46.20832871552557
          ],
          [
            7.364492091350257,
            46.20827213674784
          ],
          [
            7.364490158855915,
            46.208270211238414
          ],
          [
            7.36450015893206,
            46.208270211238414
          ],
          [
            7.364560158923268,
            46.20828021131456
          ],
          [
            7.364620158914477,
            46.20828021131456
          ],
          [
            7.364700159057975,
            46.20830021146685
          ],
          [
            7.364800158888102,
            46.20832021115348
          ],
          [
            7.36490015918389,
            46.20835021138191
          ],
          [
            7.365000159014016,
            46.20838021161035
          ],
          [
            7.365170159377158,
            46.208420211449265
          ],
          [
            7.3652601591311395,
            46.208440211601555
          ],
          [
            7.365330159198493,
            46.208440211601555
          ],
          [
            7.365400159265846,
            46.208440211601555
          ],
          [
            7.365470159333199,
            46.208440211601555
          ],
          [
            7.365490159019828,
            46.208440211601555
          ],
          [
            7.365580159239471,
            46.208440211601555
          ],
          [
            7.365680159069598,
            46.208440211601555
          ],
          [
            7.365800159052014,
            46.20843021152541
          ],
          [
            7.3658901592716575,
            46.20843021152541
          ],
          [
            7.365980159025639,
            46.208440211135894
          ],
          [
            7.366090158931911,
            46.20845021121204
          ],
          [
            7.366240159142762,
            46.20849021105096
          ],
          [
            7.366360159125179,
            46.20852021127939
          ],
          [
            7.366420159116387,
            46.208550211042166
          ],
          [
            7.366480159107596,
            46.208570211194456
          ],
          [
            7.3665701588615775,
            46.208630211185664
          ],
          [
            7.3665801589377224,
            46.20864021126181
          ],
          [
            7.366630158852786,
            46.20866021094844
          ],
          [
            7.366910159122199,
            46.20875021116808
          ],
          [
            7.3670301591046154,
            46.208780210930854
          ],
          [
            7.367130158934742,
            46.208800211083144
          ],
          [
            7.367220159154385,
            46.208820211235434
          ],
          [
            7.367280159145594,
            46.20883021131158
          ],
          [
            7.367360159289092,
            46.20885021099821
          ],
          [
            7.3674201592803,
            46.2088702111505
          ],
          [
            7.367440158966929,
            46.2088702111505
          ],
          [
            7.367540159262717,
            46.20891021145508
          ],
          [
            7.36761015933007,
            46.20894021121785
          ],
          [
            7.367660159245133,
            46.208950211293995
          ],
          [
            7.367700159084052,
            46.20896021137014
          ],
          [
            7.3677501594647765,
            46.208990211132914
          ],
          [
            7.367830159142613,
            46.20903021097183
          ],
          [
            7.367860158905387,
            46.20904021104798
          ],
          [
            7.367890159133822,
            46.20905021112412
          ],
          [
            7.36791015882045,
            46.209060210734606
          ],
          [
            7.367950158659369,
            46.20911021064967
          ],
          [
            7.367990158498287,
            46.20914021041244
          ],
          [
            7.368040158413351,
            46.20917021064088
          ],
          [
            7.368100158404559,
            46.20922021055594
          ],
          [
            7.368170158471912,
            46.20928021054715
          ],
          [
            7.368240158539265,
            46.20933021046221
          ],
          [
            7.368290158454329,
            46.2093502106145
          ],
          [
            7.36842015851289,
            46.209400210529566
          ],
          [
            7.368690158706158,
            46.20952021051198
          ],
          [
            7.368720158468932,
            46.209550210274756
          ],
          [
            7.368740158621222,
            46.209570210427046
          ],
          [
            7.368770158383995,
            46.209590210113674
          ],
          [
            7.3688501585274935,
            46.20962021034211
          ],
          [
            7.368920158594847,
            46.20965021010488
          ],
          [
            7.3690101583488286,
            46.20969021040946
          ],
          [
            7.369260158389807,
            46.209780210163444
          ],
          [
            7.3694701585918665,
            46.20982021000236
          ],
          [
            7.369680158328265,
            46.209870209917426
          ],
          [
            7.369890158064663,
            46.20990021014586
          ],
          [
            7.370130158029497,
            46.209930209908634
          ],
          [
            7.3703201580792665,
            46.20996020967141
          ],
          [
            7.370470158290118,
            46.2099802098237
          ],
          [
            7.370540158357471,
            46.2099802098237
          ],
          [
            7.370740158017725,
            46.20999020989984
          ],
          [
            7.370840158313513,
            46.20999020989984
          ],
          [
            7.370910157915205,
            46.210000209510326
          ],
          [
            7.370990158058703,
            46.210020209662616
          ],
          [
            7.37109015788883,
            46.210060209501535
          ],
          [
            7.371160157956183,
            46.21009020972997
          ],
          [
            7.371240158099681,
            46.21012020949274
          ],
          [
            7.371330157853663,
            46.21015020925552
          ],
          [
            7.371370157692581,
            46.210170209407806
          ],
          [
            7.371390157844871,
            46.210170209407806
          ],
          [
            7.371420158073306,
            46.210190209560096
          ],
          [
            7.371490157674998,
            46.210230209399015
          ]
        ]
      }
    },
    {
      "type": "Feature",
      "properties": {
        "id": "8be566b595474af5875ea4dee0e13df6",
        "name": "Segment 002",
        "order": 2,
        "structure_type": "canalized",
        "water_status": "unknown",
        "continuous": false
      },
      "geometry": {
        "type": "MultiLineString",
        "coordinates": [
          [
            [
              7.3639605776406825,
              46.208480487111956
            ],
            [
              7.363982481416315,
              46.20856865821406
            ],
            [
              7.364005679730326,
              46.20865772943944
            ],
            [
              7.364027583505958,
              46.20874590007588
            ],
            [
              7.364050783216953,
              46.20883407164365
            ],
            [
              7.364073981530964,
              46.208923142403364
            ],
            [
              7.364095885306597,
              46.20901131350547
            ],
            [
              7.364112639334053,
              46.20907609211281
            ],
            [
              7.364231795538217,
              46.209111254662275
            ],
            [
              7.364350951742381,
              46.20914641628042
            ]
          ],
          [
            [
              7.334110188763589,
              46.18276024889201
            ],
            [
              7.334040189161897,
              46.18274024920538
            ],
            [
              7.3339601890183985,
              46.182730249129236
            ],
            [
              7.333850189112127,
              46.18274024873972
            ],
            [
              7.333740188740194,
              46.18272024905309
            ],
            [
              7.333610188681632,
              46.1827002489008
            ],
            [
              7.3335101888515055,
              46.1827002489008
            ],
            [
              7.333420189097524,
              46.18272024905309
            ],
            [
              7.333320188801736,
              46.18272024905309
            ],
            [
              7.3331701890565455,
              46.182730249129236
            ],
            [
              7.3330601886846125,
              46.18276024889201
            ],
            [
              7.332970188930631,
              46.1827802490443
            ],
            [
              7.332910188939422,
              46.18282024888322
            ],
            [
              7.332900188863277,
              46.18289024895057
            ],
            [
              7.332910188939422,
              46.182960249017924
            ],
            [
              7.332910188939422,
              46.183070248924196
            ],
            [
              7.3328901887871325,
              46.183130249381065
            ],
            [
              7.332850188948214,
              46.18318024929613
            ],
            [
              7.332780188880861,
              46.1832102490589
            ],
            [
              7.332680189050734,
              46.18323024921119
            ],
            [
              7.332580188754946,
              46.18325024889782
            ],
            [
              7.332500188611448,
              46.18327024905011
            ],
            [
              7.332420188933611,
              46.183300248812884
            ],
            [
              7.332400188781321,
              46.18331024888903
            ],
            [
              7.332360188942403,
              46.18333024904132
            ],
            [
              7.332300188951194,
              46.183360249269754
            ],
            [
              7.332290188875049,
              46.18338024895638
            ],
            [
              7.332290188875049,
              46.18340024910867
            ],
            [
              7.332270189188421,
              46.18341024918482
            ],
            [
              7.332240188959986,
              46.18341024918482
            ],
            [
              7.332110188901424,
              46.18338024895638
            ],
            [
              7.332050188910216,
              46.18336024880409
            ],
            [
              7.331960188690573,
              46.183340249117464
            ],
            [
              7.331900188699365,
              46.18333024904132
            ],
            [
              7.331840188708156,
              46.183320248965174
            ],
            [
              7.33172018872574,
              46.183300248812884
            ],
            [
              7.331590188667178,
              46.18329024873674
            ],
            [
              7.331370188854635,
              46.18331024888903
            ],
            [
              7.33132018847391,
              46.183300248812884
            ],
            [
              7.331220188643783,
              46.18329024873674
            ],
            [
              7.331160188652575,
              46.18327024858445
            ],
            [
              7.3311301888898015,
              46.18327024858445
            ],
            [
              7.331060188822448,
              46.18327024858445
            ],
            [
              7.331010188441724,
              46.18327024858445
            ],
            [
              7.330920188687742,
              46.183260248973966
            ],
            [
              7.330870188772678,
              46.18325024889782
            ],
            [
              7.3308501886203885,
              46.183240248821676
            ],
            [
              7.330730188637972,
              46.183220248669386
            ],
            [
              7.330690188333392,
              46.183200248517096
            ],
            [
              7.3305701883509755,
              46.18317024875432
            ],
            [
              7.330540188588202,
              46.18316024867818
            ],
            [
              7.330500188283622,
              46.18316024867818
            ],
            [
              7.330450188368559,
              46.18317024828866
            ],
            [
              7.3304001884534955,
              46.183180248364806
            ],
            [
              7.330330188386142,
              46.18319024844095
            ],
            [
              7.330260188318789,
              46.18321024859324
            ],
            [
              7.330190188251436,
              46.183220248669386
            ],
            [
              7.330090188421309,
              46.18325024843216
            ],
            [
              7.3300601886585355,
              46.183280248660594
            ],
            [
              7.3300501885823905,
              46.18331024842337
            ],
            [
              7.330010188277811,
              46.18335024872795
            ],
            [
              7.329960188362747,
              46.18340024864301
            ],
            [
              7.329890188295394,
              46.183450248558074
            ],
            [
              7.329730188474059,
              46.18359024822712
            ],
            [
              7.329680188558996,
              46.183620248455554
            ],
            [
              7.329580188263208,
              46.18368024844676
            ],
            [
              7.329540188424289,
              46.18369024852291
            ],
            [
              7.329480188433081,
              46.1837102486752
            ],
            [
              7.329420188441873,
              46.18374024843797
            ],
            [
              7.329300188459456,
              46.18374024843797
            ],
            [
              7.329210188239813,
              46.183770248666406
            ],
            [
              7.329180188477039,
              46.18380024842918
            ],
            [
              7.329170188400894,
              46.18388024857268
            ],
            [
              7.329190188553184,
              46.183920248411596
            ],
            [
              7.329200188163668,
              46.183960248250514
            ],
            [
              7.329220188315958,
              46.184110248461366
            ],
            [
              7.329220188315958,
              46.1843502484262
            ],
            [
              7.329240188468248,
              46.18442024849355
            ],
            [
              7.32931018806994,
              46.18448024848476
            ],
            [
              7.329390188213438,
              46.18452024832368
            ],
            [
              7.329520188271999,
              46.18454024847597
            ],
            [
              7.329830188304186,
              46.18457024823874
            ],
            [
              7.329910187982023,
              46.18457024823874
            ],
            [
              7.330000188201666,
              46.18459024792537
            ],
            [
              7.330130188260227,
              46.18463024822995
            ],
            [
              7.330270187929273,
              46.18467024806887
            ],
            [
              7.330370188225061,
              46.18471024790779
            ],
            [
              7.330510188359767,
              46.18479024851695
            ],
            [
              7.3305801884271204,
              46.184850248508155
            ],
            [
              7.330710188020021,
              46.18490024795756
            ],
            [
              7.330850188154727,
              46.184980248101056
            ],
            [
              7.330950187984854,
              46.18505024816841
            ],
            [
              7.331050187814981,
              46.185130247846246
            ],
            [
              7.3310901881195605,
              46.185170248150826
            ],
            [
              7.3312601880170405,
              46.18525024782866
            ],
            [
              7.331320188008249,
              46.18529024766758
            ],
            [
              7.3313201875425875,
              46.18537024734542
            ],
            [
              7.331390187609941,
              46.185450247488916
            ],
            [
              7.331580187659711,
              46.185640247538686
            ],
            [
              7.331680187489837,
              46.185720247682184
            ],
            [
              7.331720187794417,
              46.18578024767339
            ],
            [
              7.331810187548399,
              46.18582024751231
            ],
            [
              7.331830187700689,
              46.185870247427374
            ],
            [
              7.331860187463462,
              46.18591024726629
            ],
            [
              7.3319501876831055,
              46.185980247333646
            ],
            [
              7.332000187598169,
              46.18603024724871
            ],
            [
              7.332060187589377,
              46.186130247078836
            ],
            [
              7.332100187428296,
              46.1862602471374
            ],
            [
              7.332110187038779,
              46.186340246815234
            ],
            [
              7.332120186649263,
              46.18651024578139
            ],
            [
              7.332150186877698,
              46.18667024606839
            ],
            [
              7.332150186877698,
              46.18674024613574
            ],
            [
              7.332140186801553,
              46.18678024644032
            ],
            [
              7.332090186886489,
              46.18701024632901
            ],
            [
              7.3320801868103445,
              46.18708024639636
            ],
            [
              7.332060186658055,
              46.18714024638757
            ],
            [
              7.332050187047571,
              46.187210246454924
            ],
            [
              7.3320701867341995,
              46.18737024627626
            ],
            [
              7.3320801868103445,
              46.18741024611518
            ],
            [
              7.332100186496973,
              46.187490246258676
            ],
            [
              7.332120186649263,
              46.18757024593651
            ],
            [
              7.332170186564326,
              46.187660246156156
            ],
            [
              7.332190186716616,
              46.187740246299654
            ],
            [
              7.332180186640471,
              46.18779024621472
            ],
            [
              7.332130186725408,
              46.18786024628207
            ],
            [
              7.332110186573118,
              46.18792024627328
            ],
            [
              7.332110186573118,
              46.1879602461122
            ],
            [
              7.332100186496973,
              46.18799024634063
            ],
            [
              7.332060186658055,
              46.188020246103406
            ],
            [
              7.332010186742991,
              46.188060246407986
            ],
            [
              7.332000186666846,
              46.18811024632305
            ],
            [
              7.331980186514556,
              46.18814024608582
            ],
            [
              7.331950186751783,
              46.18817024631426
            ],
            [
              7.331940186675638,
              46.188210246153176
            ],
            [
              7.331960186827928,
              46.188250245992094
            ],
            [
              7.331980186514556,
              46.18828024622053
            ],
            [
              7.331980186514556,
              46.1883102459833
            ],
            [
              7.331960186827928,
              46.18836024636403
            ],
            [
              7.331920186523348,
              46.188440246041864
            ],
            [
              7.331870186608285,
              46.18850024603307
            ],
            [
              7.331850186455995,
              46.18854024587199
            ],
            [
              7.331850186455995,
              46.1886002458632
            ],
            [
              7.33184018637985,
              46.1886002458632
            ],
            [
              7.331830186769366,
              46.188630246091634
            ],
            [
              7.331810186617076,
              46.18870024615899
            ],
            [
              7.331730186473578,
              46.1889002462849
            ],
            [
              7.331660186406225,
              46.18898024596274
            ],
            [
              7.331580186262727,
              46.189060245640576
            ],
            [
              7.33150018658489,
              46.18913024617359
            ],
            [
              7.331490186508745,
              46.18915024586022
            ],
            [
              7.331470186356455,
              46.18923024600372
            ],
            [
              7.331470186356455,
              46.18932024622336
            ],
            [
              7.331490186508745,
              46.1894002459012
            ],
            [
              7.331540186423808,
              46.18947024550289
            ],
            [
              7.331580186262727,
              46.18953024595976
            ],
            [
              7.33163018617779,
              46.18968024570495
            ],
            [
              7.331640186253935,
              46.18974024569616
            ],
            [
              7.331640186253935,
              46.18981024576351
            ],
            [
              7.331610186491162,
              46.18989024590701
            ],
            [
              7.331580186262727,
              46.18994024582207
            ],
            [
              7.3315201862715185,
              46.189990245737135
            ],
            [
              7.3315101861953735,
              46.190030245576054
            ],
            [
              7.3315101861953735,
              46.19006024580449
            ],
            [
              7.3315101861953735,
              46.19009024603292
            ],
            [
              7.331490186508745,
              46.1901202457957
            ],
            [
              7.331450186204165,
              46.190160245634615
            ],
            [
              7.331430186051875,
              46.19019024586305
            ],
            [
              7.331430186051875,
              46.190310245379806
            ],
            [
              7.331400186289102,
              46.19042024575174
            ],
            [
              7.3313501863740385,
              46.190520245581865
            ],
            [
              7.331330186221749,
              46.190560245420784
            ],
            [
              7.3313401862978935,
              46.19061024533585
            ],
            [
              7.331360185984522,
              46.19064024556428
            ],
            [
              7.331390186212957,
              46.1906802454032
            ],
            [
              7.33142018597573,
              46.19074024539441
            ],
            [
              7.33144018612802,
              46.19083024561405
            ],
            [
              7.331500186119229,
              46.19097024574876
            ],
            [
              7.331540185958147,
              46.191070245578885
            ],
            [
              7.33159018587321,
              46.19116024533287
            ],
            [
              7.331620186101645,
              46.19123024540022
            ],
            [
              7.3316901861689985,
              46.19128024531528
            ],
            [
              7.331710185855627,
              46.1913202451542
            ],
            [
              7.331720185931772,
              46.19136024499312
            ],
            [
              7.331720185931772,
              46.191390245221555
            ],
            [
              7.331650185864419,
              46.19150024512783
            ],
            [
              7.33163018617779,
              46.19153024535626
            ],
            [
              7.331600185949355,
              46.191600244957954
            ],
            [
              7.33159018587321,
              46.19166024541482
            ],
            [
              7.33159018587321,
              46.191750245168805
            ],
            [
              7.331600185949355,
              46.19185024499893
            ],
            [
              7.331600185949355,
              46.191940245218575
            ],
            [
              7.331540185958147,
              46.19207024527714
            ],
            [
              7.331490186043084,
              46.19216024503112
            ],
            [
              7.33144018612802,
              46.19217024510726
            ],
            [
              7.3314101858995855,
              46.19225024525076
            ],
            [
              7.331390186212957,
              46.192320245318115
            ],
            [
              7.331390186212957,
              46.192380245774984
            ],
            [
              7.331400186289102,
              46.1924202456139
            ],
            [
              7.331360186450183,
              46.19246024591848
            ],
            [
              7.331330185756087,
              46.19253024505451
            ],
            [
              7.331330185290426,
              46.192620244342834
            ],
            [
              7.3313701851293445,
              46.19276024401188
            ],
            [
              7.331440185196698,
              46.19284024415538
            ],
            [
              7.331490185111761,
              46.192920244298875
            ],
            [
              7.331510185264051,
              46.19299024436623
            ],
            [
              7.331500185653567,
              46.19316024472937
            ],
            [
              7.3314801855012774,
              46.193210245110095
            ],
            [
              7.331420185510069,
              46.19329024478793
            ],
            [
              7.331350185908377,
              46.19342024484649
            ],
            [
              7.331270185764879,
              46.193530244752765
            ],
            [
              7.331230185460299,
              46.193640244659036
            ],
            [
              7.331200185697526,
              46.19375024503097
            ],
            [
              7.331180185545236,
              46.193870245013386
            ],
            [
              7.331150185782462,
              46.19396024476737
            ],
            [
              7.331150185316801,
              46.19397024484351
            ],
            [
              7.331040185410529,
              46.194210244808346
            ],
            [
              7.330980185419321,
              46.194250244647264
            ],
            [
              7.330940185580403,
              46.19430024456233
            ],
            [
              7.330910185351968,
              46.19437024462968
            ],
            [
              7.330920185428113,
              46.19443024462089
            ],
            [
              7.3309501856565475,
              46.19448024453595
            ],
            [
              7.3310201852582395,
              46.194570244755596
            ],
            [
              7.331060185562819,
              46.19470024481416
            ],
            [
              7.331120185554028,
              46.19477024441585
            ],
            [
              7.331170185469091,
              46.19486024463549
            ],
            [
              7.331250185612589,
              46.194990244694054
            ],
            [
              7.331280185375363,
              46.195080244448036
            ],
            [
              7.331290185451508,
              46.195140244439244
            ],
            [
              7.331320185214281,
              46.19522024458274
            ],
            [
              7.331340185366571,
              46.195270244497806
            ],
            [
              7.331340185366571,
              46.19537024432793
            ],
            [
              7.331340185366571,
              46.19545024447143
            ],
            [
              7.331330185290426,
              46.19549024431035
            ],
            [
              7.331310185138136,
              46.195540244691074
            ],
            [
              7.331270185299218,
              46.19559024460614
            ],
            [
              7.3312001852318645,
              46.19566024420783
            ],
            [
              7.3310901848599315,
              46.1957702441141
            ],
            [
              7.331040184944868,
              46.19583024410531
            ],
            [
              7.331010185182095,
              46.19590024417266
            ],
            [
              7.330980185419321,
              46.19596024462953
            ],
            [
              7.330930185038596,
              46.196050244383514
            ],
            [
              7.330900185275823,
              46.196120243985206
            ],
            [
              7.330860184971243,
              46.19621024420485
            ],
            [
              7.330840184818953,
              46.19625024404377
            ],
            [
              7.330820185132325,
              46.196290243882686
            ],
            [
              7.330800184980035,
              46.196310244034976
            ],
            [
              7.330780184827745,
              46.19634024379775
            ],
            [
              7.3307701847516,
              46.19636024395004
            ],
            [
              7.33075018459931,
              46.19643024401739
            ],
            [
              7.330730184912682,
              46.19651024369523
            ],
            [
              7.330680184531957,
              46.1966202436015
            ],
            [
              7.330670184455812,
              46.196650243364275
            ],
            [
              7.330680184531957,
              46.19671024335548
            ],
            [
              7.330680184531957,
              46.19675024366006
            ],
            [
              7.330670184455812,
              46.196840243414044
            ],
            [
              7.330670184455812,
              46.19688024325296
            ],
            [
              7.330670184455812,
              46.19694024324417
            ],
            [
              7.3307001842185855,
              46.19708024337888
            ],
            [
              7.33071018429473,
              46.197120243217796
            ],
            [
              7.330740184523165,
              46.197180243209004
            ],
            [
              7.330820184201002,
              46.19725024327636
            ],
            [
              7.331030184403062,
              46.197520243003964
            ],
            [
              7.331100184470415,
              46.19760024314746
            ],
            [
              7.3311501843854785,
              46.19766024313867
            ],
            [
              7.3314901841804385,
              46.19802024308592
            ],
            [
              7.331580184400082,
              46.19813024299219
            ],
            [
              7.331780184060335,
              46.198300243355334
            ],
            [
              7.331960184499621,
              46.19844024302438
            ],
            [
              7.332090184092522,
              46.19851024309173
            ],
            [
              7.33255018433556,
              46.198770243208855
            ],
            [
              7.3327401843853295,
              46.19886024296284
            ],
            [
              7.332980184350163,
              46.198940243106335
            ],
            [
              7.333110184408724,
              46.1989902430214
            ],
            [
              7.333290184382349,
              46.19908024324104
            ],
            [
              7.333440184127539,
              46.19916024291888
            ],
            [
              7.333590184338391,
              46.19924024306238
            ],
            [
              7.333770184312016,
              46.199320243205875
            ],
            [
              7.3338801842182875,
              46.19937024312094
            ],
            [
              7.333910183981061,
              46.19938024319708
            ],
            [
              7.333990184124559,
              46.19941024295986
            ],
            [
              7.334360184147954,
              46.19952024286613
            ],
            [
              7.334590184036642,
              46.19959024293348
            ],
            [
              7.334680184256285,
              46.19962024316192
            ],
            [
              7.334720184095204,
              46.19963024323806
            ],
            [
              7.334890184458345,
              46.199640242848545
            ],
            [
              7.334920184221119,
              46.199680243153125
            ],
            [
              7.3350201840512455,
              46.19969024276361
            ],
            [
              7.335150184109807,
              46.1997102429159
            ],
            [
              7.335380184464157,
              46.19976024329662
            ],
            [
              7.33545018453151,
              46.19976024283096
            ],
            [
              7.3355701845139265,
              46.19975024322048
            ],
            [
              7.335610184352845,
              46.19975024322048
            ],
            [
              7.3356401841156185,
              46.19978024298325
            ],
            [
              7.335710184182972,
              46.199850243050605
            ],
            [
              7.33579018432647,
              46.19988024281338
            ],
            [
              7.335870184004307,
              46.19991024304181
            ],
            [
              7.33594018407166,
              46.19994024280459
            ],
            [
              7.336070184130222,
              46.19997024303302
            ],
            [
              7.33617018442601,
              46.200000242795795
            ],
            [
              7.33630018401891,
              46.20003024302423
            ],
            [
              7.336450184229761,
              46.200060242787
            ],
            [
              7.3365301843732595,
              46.20008024293929
            ],
            [
              7.336610184051096,
              46.20008024293929
            ],
            [
              7.33668018411845,
              46.20007024286315
            ],
            [
              7.336780184414238,
              46.20005024271086
            ],
            [
              7.336820184253156,
              46.200040243100375
            ],
            [
              7.336940184235573,
              46.200020242482424
            ],
            [
              7.3370401840657,
              46.20001024240628
            ],
            [
              7.337160184048116,
              46.20001024240628
            ],
            [
              7.337290184106678,
              46.20001024240628
            ],
            [
              7.3374001840129495,
              46.200020242482424
            ],
            [
              7.337540184147656,
              46.200040242634714
            ],
            [
              7.337690184358507,
              46.20007024286315
            ],
            [
              7.337780184112489,
              46.20009024254978
            ],
            [
              7.337870183866471,
              46.200130242388695
            ],
            [
              7.338080184068531,
              46.20020024245605
            ]
          ],
          [
            [
              7.366880159825087,
              46.20987021038309
            ],
            [
              7.3669501594267786,
              46.20988021045923
            ],
            [
              7.367010159883648,
              46.20989021053538
            ],
            [
              7.367050159722567,
              46.209910210222006
            ],
            [
              7.367080159951001,
              46.209930210374296
            ],
            [
              7.36710015963763,
              46.20994021045044
            ],
            [
              7.367100678849965,
              46.20993982441723
            ],
            [
              7.367179623339325,
              46.21001094020903
            ],
            [
              7.367259864229709,
              46.21008205693215
            ],
            [
              7.36733880918473,
              46.21015317272395
            ],
            [
              7.367429405450821,
              46.21023239148781
            ],
            [
              7.367543373722583,
              46.21027474384755
            ],
            [
              7.3676573424600065,
              46.21031709574163
            ],
            [
              7.3677726071327925,
              46.21035944856703
            ],
            [
              7.367886575870216,
              46.21040179999545
            ],
            [
              7.368051054887474,
              46.210462174378335
            ],
            [
              7.368178017903119,
              46.210476647596806
            ],
            [
              7.368306275922805,
              46.210492020938545
            ],
            [
              7.368434535339475,
              46.21050649462268
            ],
            [
              7.368561498820782,
              46.21052096784115
            ],
            [
              7.368689758237451,
              46.21053544105962
            ],
            [
              7.368818017654121,
              46.21054991474375
            ],
            [
              7.3689462770707905,
              46.21056438796222
            ],
            [
              7.369073241017759,
              46.21057886024937
            ],
            [
              7.3692015004344285,
              46.21059333346784
            ],
            [
              7.369320691563189,
              46.21060690097511
            ],
            [
              7.36942428117618,
              46.210660939104855
            ],
            [
              7.36952787078917,
              46.21071497676894
            ],
            [
              7.369631461799145,
              46.21076811477542
            ],
            [
              7.369736347813159,
              46.210822152905166
            ],
            [
              7.3698256951756775,
              46.210868085268885
            ],
            [
              7.3699513571336865,
              46.21088795317337
            ],
            [
              7.370078315027058,
              46.210907821543515
            ],
            [
              7.370205274317414,
              46.21092679025605
            ],
            [
              7.370330936275423,
              46.210946657694876
            ],
            [
              7.370457896031439,
              46.21096562594175
            ],
            [
              7.370615946128964,
              46.210990010760725
            ],
            [
              7.370497983880341,
              46.21102861920372
            ],
            [
              7.370381316635758,
              46.21106722857803
            ],
            [
              7.370263354852796,
              46.211104936897755
            ],
            [
              7.370179095305502,
              46.21113277133554
            ],
            [
              7.370052084792405,
              46.2111533829011
            ],
            [
              7.369926370214671,
              46.211173994932324
            ],
            [
              7.369796766433865,
              46.211195503827184
            ],
            [
              7.3697409448213875,
              46.21127642923966
            ],
            [
              7.369685121346265,
              46.21135825384408
            ],
            [
              7.3696292992681265,
              46.2114391787909
            ],
            [
              7.369576069526374,
              46.21151920547709
            ],
            [
              7.369622609112412,
              46.21160289319232
            ],
            [
              7.369670444633812,
              46.211686581373215
            ],
            [
              7.369718280620873,
              46.21177027001977
            ],
            [
              7.369750604499131,
              46.21182516310364
            ],
            [
              7.369821775704622,
              46.211899870075285
            ],
            [
              7.369894242845476,
              46.21197457751259
            ],
            [
              7.369966709986329,
              46.2120492849499
            ],
            [
              7.370039177592844,
              46.212123992387205
            ],
            [
              7.370087060146034,
              46.212171697989106
            ],
            [
              7.370019580237567,
              46.212249017786235
            ],
            [
              7.369953395798802,
              46.212326338514686
            ],
            [
              7.369887211360037,
              46.212403658311814
            ],
            [
              7.369821026455611,
              46.212480978574604
            ],
            [
              7.369754841551185,
              46.212558299303055
            ],
            [
              7.369658808223903,
              46.21267068386078
            ],
            [
              7.369777976069599,
              46.21270584082231
            ],
            [
              7.369897143915296,
              46.21274099731818
            ],
            [
              7.370016311760992,
              46.21277615381405
            ],
            [
              7.370135480072349,
              46.212811309844255
            ],
            [
              7.370254648383707,
              46.212846466340125
            ],
            [
              7.370373817160726,
              46.21288162237033
            ],
            [
              7.370492985937744,
              46.21291677793488
            ],
            [
              7.370612154714763,
              46.21295193396509
            ],
            [
              7.370731323491782,
              46.21298708906397
            ],
            [
              7.370850492268801,
              46.21302224416286
            ],
            [
              7.3709696610458195,
              46.21305739926174
            ],
            [
              7.3710888302885,
              46.21309255389497
            ],
            [
              7.371209295000881,
              46.21312770945951
            ],
            [
              7.371328464243561,
              46.213162863627076
            ],
            [
              7.371447633951902,
              46.21319801779464
            ],
            [
              7.371590119320899,
              46.213240382727236
            ],
            [
              7.371590146329254,
              46.21324019273743
            ],
            [
              7.371670146472752,
              46.21331019233912
            ],
            [
              7.371840145904571,
              46.21341019216925
            ],
            [
              7.372220145538449,
              46.213530191686004
            ],
            [
              7.372400145512074,
              46.21359019121155
            ],
            [
              7.37252014502883,
              46.21363019105047
            ],
            [
              7.372720145154744,
              46.213730190414935
            ],
            [
              7.372760144993663,
              46.213750190567225
            ],
            [
              7.372960144653916,
              46.21383019024506
            ],
            [
              7.37320014461875,
              46.2139101899229
            ],
            [
              7.373470143880695,
              46.213990189600736
            ],
            [
              7.373750143684447,
              46.21408018935472
            ],
            [
              7.373750501777977,
              46.21408004825935
            ],
            [
              7.373839835170656,
              46.21414486831054
            ],
            [
              7.373929167632014,
              46.21421058755368
            ],
            [
              7.374018501024693,
              46.21427540713921
            ],
            [
              7.374089708086103,
              46.21432762220502
            ],
            [
              7.37417515181005,
              46.214395137969404
            ],
            [
              7.3742605950683355,
              46.21446265419945
            ],
            [
              7.374347335193306,
              46.21453017136082
            ],
            [
              7.374410770833492,
              46.21458058338612
            ],
            [
              7.374356247019023,
              46.214662411250174
            ],
            [
              7.374316002242267,
              46.21472355723381
            ]
          ]
        ]
      }
    },
    {
      "type": "Feature",
      "properties": {
        "id": "c9c97ca4725247f5bb7dae312d77ac8f",
        "name": "Segment 003",
        "order": 3,
        "structure_type": "open",
        "water_status": "unknown",
        "continuous": false
      },
      "geometry": {
        "type": "MultiLineString",
        "coordinates": [
          [
            [
              7.374300133436918,
              46.21471017645672
            ],
            [
              7.37435013288632,
              46.214720176532865
            ],
            [
              7.374390132725239,
              46.21476017590612
            ],
            [
              7.374430132564157,
              46.214830175507814
            ],
            [
              7.374460132326931,
              46.21493017487228
            ],
            [
              7.37457013130188,
              46.215030174236745
            ],
            [
              7.374630131293088,
              46.21511017391458
            ],
            [
              7.374700130429119,
              46.21522017288953
            ],
            [
              7.374770130030811,
              46.21533017233014
            ],
            [
              7.374830129556358,
              46.21541017154232
            ],
            [
              7.374860129319131,
              46.21548017160967
            ],
            [
              7.374990128912032,
              46.215620170813054
            ],
            [
              7.375020128674805,
              46.21566017065197
            ],
            [
              7.375090128742158,
              46.21572017017752
            ],
            [
              7.375110128428787,
              46.21577017009258
            ],
            [
              7.37516012834385,
              46.215840170159936
            ],
            [
              7.375280128326267,
              46.21589016960934
            ],
            [
              7.375390128232539,
              46.21593016944826
            ],
            [
              7.37550012813881,
              46.21596016967669
            ],
            [
              7.375710127875209,
              46.21601016912609
            ],
            [
              7.375910127535462,
              46.2160701691173
            ],
            [
              7.376130127813667,
              46.216140169184655
            ],
            [
              7.376280127558857,
              46.21622016886249
            ],
            [
              7.376450126990676,
              46.21630016807467
            ],
            [
              7.376730127260089,
              46.216400168370456
            ],
            [
              7.376880127005279,
              46.21645016828552
            ],
            [
              7.376970127224922,
              46.21649016812444
            ],
            [
              7.377060126978904,
              46.21650016820058
            ],
            [
              7.377220126800239,
              46.21652016788721
            ],
            [
              7.377360126934946,
              46.216550168115646
            ],
            [
              7.377600126899779,
              46.21661016764119
            ],
            [
              7.377700126729906,
              46.216660167556256
            ],
            [
              7.377810126170516,
              46.21671016747132
            ],
            [
              7.377920126542449,
              46.21673016762361
            ],
            [
              7.378130126744509,
              46.216760167852044
            ],
            [
              7.378310126718134,
              46.21680016769096
            ],
            [
              7.378360126633197,
              46.216810167301446
            ],
            [
              7.378380126319826,
              46.21682016737759
            ],
            [
              7.3784001264721155,
              46.21684016706422
            ],
            [
              7.378430126234889,
              46.21686016721651
            ],
            [
              7.378450125921518,
              46.21688016690314
            ],
            [
              7.378480126149952,
              46.21690016658977
            ],
            [
              7.378510125912726,
              46.21692016674206
            ],
            [
              7.378590125590563,
              46.216960166580975
            ],
            [
              7.378800125792623,
              46.21704016672447
            ],
            [
              7.378890126012266,
              46.21707016695291
            ],
            [
              7.379110125359148,
              46.21715016569942
            ],
            [
              7.379270125180483,
              46.217190166004
            ],
            [
              7.379400125704706,
              46.21723016630858
            ],
            [
              7.379510125610977,
              46.21725016599521
            ],
            [
              7.379610125441104,
              46.2172701661475
            ],
            [
              7.379650125280023,
              46.21727016568184
            ],
            [
              7.379680125508457,
              46.217280165757984
            ],
            [
              7.379720125347376,
              46.21729016583413
            ],
            [
              7.379770125262439,
              46.217300165910274
            ],
            [
              7.379890125244856,
              46.2173201655969
            ],
            [
              7.379900125321001,
              46.217280165757984
            ],
            [
              7.380050125066191,
              46.21730016544461
            ],
            [
              7.380170125048608,
              46.2173201655969
            ],
            [
              7.380390124861151,
              46.21734016528353
            ],
            [
              7.380570124834776,
              46.21736016497016
            ],
            [
              7.380850124638528,
              46.21738016512245
            ],
            [
              7.380920124705881,
              46.217390165198594
            ],
            [
              7.381030124612153,
              46.21740016480908
            ],
            [
              7.381090124603361,
              46.21742016496137
            ],
            [
              7.381230124272406,
              46.217460164800286
            ],
            [
              7.381390124093741,
              46.21750016417354
            ],
            [
              7.381600124295801,
              46.2175701642409
            ],
            [
              7.381820124108344,
              46.217630164232105
            ],
            [
              7.381820124108344,
              46.217630164232105
            ],
            [
              7.381820124108344,
              46.217630164232105
            ],
            [
              7.382030123844743,
              46.21768016414717
            ],
            [
              7.382620123680681,
              46.21779016358778
            ],
            [
              7.382940123323351,
              46.217850163113326
            ],
            [
              7.383130123373121,
              46.21791016263887
            ],
            [
              7.383290123194456,
              46.21795016294345
            ],
            [
              7.383530122693628,
              46.21799016231671
            ],
            [
              7.384110122453421,
              46.21805016230792
            ],
            [
              7.384330122265965,
              46.2180601619184
            ],
            [
              7.384260122664273,
              46.21805016184226
            ],
            [
              7.3842001226730645,
              46.21804016223177
            ],
            [
              7.3841301230713725,
              46.218020162545145
            ],
            [
              7.384070123080164,
              46.218000162392855
            ],
            [
              7.384000123012811,
              46.21799016278237
            ],
            [
              7.383890123106539,
              46.21797016263008
            ],
            [
              7.3837901232764125,
              46.2179601630196
            ],
            [
              7.383670123293996,
              46.217930163256824
            ],
            [
              7.383550123311579,
              46.217910163104534
            ],
            [
              7.383440123870969,
              46.217890163417906
            ],
            [
              7.38340012403205,
              46.21788016380742
            ],
            [
              7.383440123870969,
              46.217890163417906
            ],
            [
              7.383550123311579,
              46.217910163104534
            ],
            [
              7.383670123293996,
              46.217930163256824
            ],
            [
              7.3837901232764125,
              46.2179601630196
            ],
            [
              7.383890123106539,
              46.21797016263008
            ],
            [
              7.384000123012811,
              46.21799016278237
            ],
            [
              7.384070123080164,
              46.218000162392855
            ],
            [
              7.3841301230713725,
              46.218020162545145
            ],
            [
              7.3842001226730645,
              46.21804016223177
            ],
            [
              7.384260122664273,
              46.21805016184226
            ],
            [
              7.384330122265965,
              46.2180601619184
            ],
            [
              7.384330122265965,
              46.21810016175732
            ],
            [
              7.384370122104883,
              46.218110161833465
            ],
            [
              7.384500122163445,
              46.21815016167238
            ],
            [
              7.384580122306943,
              46.21818016143516
            ],
            [
              7.38468012213707,
              46.218240161426365
            ],
            [
              7.384930121712387,
              46.218370161019266
            ],
            [
              7.385080121457577,
              46.218480160459876
            ],
            [
              7.385230121668428,
              46.218560160603374
            ],
            [
              7.385580120608211,
              46.218780159484595
            ],
            [
              7.385810120031238,
              46.21896015899256
            ],
            [
              7.385890120174736,
              46.219020158518106
            ],
            [
              7.385920119937509,
              46.219040158670396
            ],
            [
              7.385930120013654,
              46.21907015843317
            ],
            [
              7.385930119547993,
              46.21911015827209
            ],
            [
              7.385940119624138,
              46.21914015803486
            ],
            [
              7.385950119700283,
              46.219150158111006
            ],
            [
              7.385990119539201,
              46.219170157797635
            ],
            [
              7.386020119301975,
              46.21920015756041
            ],
            [
              7.386040118988603,
              46.21923015732318
            ],
            [
              7.385960118845105,
              46.21922015724704
            ],
            [
              7.385910118930042,
              46.21922015724704
            ],
            [
              7.385890118777752,
              46.21923015732318
            ],
            [
              7.385880118701607,
              46.21923015732318
            ],
            [
              7.385860119014978,
              46.219240156933665
            ],
            [
              7.385870118625462,
              46.219280157238245
            ],
            [
              7.385860119014978,
              46.219300156924874
            ],
            [
              7.385800118558109,
              46.219300156924874
            ],
            [
              7.385780118405819,
              46.219300156924874
            ],
            [
              7.385750118643045,
              46.21931015653536
            ],
            [
              7.385650118347257,
              46.21931015653536
            ],
            [
              7.385620118118823,
              46.219310156069696
            ],
            [
              7.385590118356049,
              46.21932015614584
            ],
            [
              7.385550118051469,
              46.219330156221986
            ],
            [
              7.385600117966533,
              46.21937015559524
            ],
            [
              7.38568011764437,
              46.21941015543416
            ],
            [
              7.385720117483288,
              46.219420155510306
            ],
            [
              7.385840117465705,
              46.219420155044645
            ],
            [
              7.385950117371976,
              46.219440154731274
            ],
            [
              7.386060116812587,
              46.21947015449405
            ],
            [
              7.38626011647284,
              46.219530154019594
            ],
            [
              7.386500115972012,
              46.219620153307915
            ],
            [
              7.3866401156410575,
              46.219690152443945
            ],
            [
              7.386850114911795,
              46.219800151884556
            ],
            [
              7.386920114513487,
              46.219820151571184
            ],
            [
              7.387070114724338,
              46.21987015102059
            ],
            [
              7.38714011432603,
              46.21990015124902
            ],
            [
              7.38718011463061,
              46.21992015140131
            ],
            [
              7.38742011366412,
              46.220000150147825
            ],
            [
              7.387490113731474,
              46.22001015022397
            ],
            [
              7.3875901135616004,
              46.220000149682164
            ],
            [
              7.387690113391727,
              46.22001014975831
            ],
            [
              7.3877501133829355,
              46.2200301499106
            ],
            [
              7.387810113374144,
              46.22005014959723
            ],
            [
              7.387870113365352,
              46.22007014974952
            ],
            [
              7.3879201132804155,
              46.220090149436146
            ],
            [
              7.388050113338977,
              46.22023014957085
            ],
            [
              7.3880901131778955,
              46.220260149333626
            ],
            [
              7.388130113016814,
              46.2202901490964
            ],
            [
              7.388190113008022,
              46.22031014924869
            ],
            [
              7.388240112923086,
              46.22033014893532
            ],
            [
              7.388350112829357,
              46.220370148774236
            ],
            [
              7.388400112744421,
              46.22040014853701
            ],
            [
              7.388440112583339,
              46.2204201486893
            ],
            [
              7.388480112422258,
              46.22046014852822
            ],
            [
              7.388500112108886,
              46.22049014829099
            ],
            [
              7.388510112185031,
              46.220520148053765
            ],
            [
              7.388540111947805,
              46.22055014781654
            ],
            [
              7.388570111710578,
              46.22057014796883
            ],
            [
              7.388620112091303,
              46.2206001477316
            ],
            [
              7.388660111930221,
              46.22064014757052
            ],
            [
              7.38870011176914,
              46.220690147485584
            ],
            [
              7.388740111608058,
              46.2207301473245
            ],
            [
              7.388770111836493,
              46.22077014762908
            ],
            [
              7.3888001115992665,
              46.22079014731571
            ],
            [
              7.388840111903846,
              46.220810147468
            ],
            [
              7.388900111429393,
              46.22085014730692
            ],
            [
              7.388930111657828,
              46.22087014745921
            ],
            [
              7.3889801115728915,
              46.22092014737427
            ],
            [
              7.38902011141181,
              46.22096014721319
            ],
            [
              7.38906011171639,
              46.220990146975964
            ],
            [
              7.389330111443996,
              46.22106014704332
            ],
            [
              7.38940011151135,
              46.22109014680609
            ],
            [
              7.38955011125654,
              46.2211501467973
            ],
            [
              7.389590111095458,
              46.221180147025734
            ],
            [
              7.389620111323893,
              46.22121014678851
            ],
            [
              7.3896701112389565,
              46.221250146627426
            ],
            [
              7.389800111297518,
              46.221310146618634
            ],
            [
              7.389850111212581,
              46.221330146770924
            ],
            [
              7.389900111127645,
              46.22135014645755
            ],
            [
              7.389970111194998,
              46.2213601465337
            ],
            [
              7.3900101110339165,
              46.2213601465337
            ],
            [
              7.39006011094898,
              46.22138014668599
            ],
            [
              7.390120110474527,
              46.221400145906955
            ],
            [
              7.39019011054188,
              46.22143014566973
            ],
            [
              7.3902401104569435,
              46.22145014535636
            ],
            [
              7.390290110372007,
              46.22147014550865
            ],
            [
              7.390330110210925,
              46.221510145347565
            ],
            [
              7.390370110049844,
              46.221550145186484
            ],
            [
              7.390400109812617,
              46.22158014494926
            ],
            [
              7.390460109803826,
              46.22161014471203
            ],
            [
              7.390580109320581,
              46.22166014416143
            ],
            [
              7.390690109226853,
              46.221710144076496
            ],
            [
              7.390770109370351,
              46.22174014430493
            ],
            [
              7.390830108895898,
              46.221770144067705
            ],
            [
              7.39094010880217,
              46.22181014344096
            ],
            [
              7.391040108632296,
              46.22183014359325
            ],
            [
              7.391100108623505,
              46.22185014327988
            ],
            [
              7.391160108614713,
              46.22187014343217
            ],
            [
              7.391230108682066,
              46.221880143042654
            ],
            [
              7.3913601082749665,
              46.22191014280543
            ],
            [
              7.391420108266175,
              46.22193014295772
            ],
            [
              7.391540108248591,
              46.22200014255941
            ],
            [
              7.39158010808751,
              46.22203014232218
            ],
            [
              7.391620107926428,
              46.222060142084956
            ],
            [
              7.391640107147396,
              46.22209014138207
            ],
            [
              7.391640107147396,
              46.22213014168665
            ],
            [
              7.391770107205957,
              46.22214014176279
            ],
            [
              7.391800107434392,
              46.22214014176279
            ],
            [
              7.391800697427243,
              46.22214013617486
            ],
            [
              7.391733236145228,
              46.2222174690105
            ],
            [
              7.391665775328875,
              46.22229390218854
            ],
            [
              7.391598313115537,
              46.22237123455852
            ],
            [
              7.391541230492294,
              46.22243597730994
            ],
            [
              7.391612444538623,
              46.22251157043502
            ],
            [
              7.3916836604475975,
              46.222586263902485
            ],
            [
              7.391754874959588,
              46.22266185702756
            ],
            [
              7.39184939628467,
              46.22276264708489
            ],
            [
              7.3917340147309005,
              46.222802178468555
            ],
            [
              7.391617335844785,
              46.2228426085785
            ],
            [
              7.391486395616084,
              46.222888430114836
            ],
            [
              7.391446142457426,
              46.22297387057915
            ],
            [
              7.391405889298767,
              46.22305931104347
            ],
            [
              7.391364339739084,
              46.223144750576466
            ],
            [
              7.391324087046087,
              46.223229290917516
            ],
            [
              7.391282537020743,
              46.22331473091617
            ],
            [
              7.391242283396423,
              46.22340017091483
            ],
            [
              7.39120073383674,
              46.223485610913485
            ],
            [
              7.391160479746759,
              46.2235710513778
            ],
            [
              7.391120225656778,
              46.22365649137646
            ],
            [
              7.391078675165772,
              46.223741930909455
            ],
            [
              7.3910384201444685,
              46.22382736997679
            ],
            [
              7.390996869187802,
              46.223912809509784
            ],
            [
              7.390956614166498,
              46.22399824904278
            ],
            [
              7.390916359610856,
              46.224083689041436
            ],
            [
              7.390874808188528,
              46.22416912857443
            ],
            [
              7.390834553167224,
              46.22425456857309
            ],
            [
              7.390793001744896,
              46.22434000810608
            ],
            [
              7.390752746257931,
              46.22442544810474
            ],
            [
              7.390712490770966,
              46.224510888103396
            ],
            [
              7.390670939814299,
              46.224595427978784
            ],
            [
              7.390630684327334,
              46.22468086797744
            ],
            [
              7.390589132439345,
              46.224766307510436
            ],
            [
              7.390548876486719,
              46.22485174750909
            ],
            [
              7.390508620534092,
              46.22493718704209
            ],
            [
              7.390467067714781,
              46.22502262610942
            ],
            [
              7.3904268108308315,
              46.225108065176755
            ],
            [
              7.390385257545859,
              46.22519350377843
            ],
            [
              7.390343702863902,
              46.225280741695315
            ]
          ],
          [
            [
              7.320885127875954,
              46.16995402192697
            ],
            [
              7.320967842359096,
              46.17002337472513
            ],
            [
              7.321049262303859,
              46.17009272612631
            ],
            [
              7.321131977252662,
              46.170162078458816
            ],
            [
              7.321221152320504,
              46.170237734913826
            ],
            [
              7.321268877480179,
              46.170321443583816
            ],
            [
              7.321315308101475,
              46.170405151322484
            ],
            [
              7.321375930216163,
              46.17051226226613
            ],
            [
              7.321333018597215,
              46.170596775598824
            ],
            [
              7.321290106978267,
              46.17068128893152
            ],
            [
              7.321247193496674,
              46.17076670192182
            ],
            [
              7.321200381964445,
              46.17085840785876
            ],
            [
              7.321126418188214,
              46.17093209410086
            ],
            [
              7.321052453946322,
              46.171005780342966
            ],
            [
              7.32097848970443,
              46.17107946611941
            ],
            [
              7.320921393111348,
              46.171136977151036
            ],
            [
              7.320916017983109,
              46.17122692754492
            ],
            [
              7.320910642854869,
              46.17131687793881
            ],
            [
              7.320907935500145,
              46.171370848082006
            ],
            [
              7.320986764039844,
              46.17144199600443
            ],
            [
              7.321101774927229,
              46.171546465717256
            ],
            [
              7.321157275699079,
              46.17162748426199
            ],
            [
              7.321211479604244,
              46.171709400601685
            ],
            [
              7.321250198874623,
              46.17176701314747
            ],
            [
              7.321373146027327,
              46.17179502826184
            ],
            [
              7.321496093180031,
              46.17182304337621
            ],
            [
              7.321619040332735,
              46.17185105802491
            ],
            [
              7.321722573135048,
              46.171875454485416
            ],
            [
              7.32182215154171,
              46.17193223023787
            ],
            [
              7.321921728551388,
              46.171989906113595
            ],
            [
              7.3220226019620895,
              46.172046683263034
            ],
            [
              7.322162268217653,
              46.17212778842077
            ],
            [
              7.322254064958543,
              46.17219085339457
            ],
            [
              7.322345860302448,
              46.172254817094654
            ],
            [
              7.322436360642314,
              46.17231877986342
            ],
            [
              7.322569529060274,
              46.17241157218814
            ],
            [
              7.322692479938269,
              46.172438686247915
            ],
            [
              7.322816725820303,
              46.172465801704675
            ],
            [
              7.3229396771639585,
              46.17249291529879
            ],
            [
              7.323041920550168,
              46.17251551011577
            ],
            [
              7.323157072532922,
              46.17255700845271
            ],
            [
              7.323270929045975,
              46.17259850539267
            ],
            [
              7.3233860791660845,
              46.17264090292156
            ],
            [
              7.323501231148839,
              46.17268240079284
            ],
            [
              7.32361508673057,
              46.17272479692474
            ],
            [
              7.323730239178985,
              46.17276629479602
            ],
            [
              7.323844097089022,
              46.172807791270316
            ],
            [
              7.323959248140454,
              46.17285018833354
            ],
            [
              7.324074401054531,
              46.17289168620482
            ],
            [
              7.324154618196189,
              46.17292145313695
            ],
            [
              7.324246418662369,
              46.17298451624811
            ],
            [
              7.324338217265904,
              46.17304847808555
            ],
            [
              7.32442872133106,
              46.173112438991666
            ],
            [
              7.324569652788341,
              46.173210634384304
            ],
            [
              7.324570178985596,
              46.17321023764089
            ],
            [
              7.324620178900659,
              46.17323023779318
            ],
            [
              7.324740178883076,
              46.17323023779318
            ],
            [
              7.324830179102719,
              46.17321023764089
            ],
            [
              7.324890179093927,
              46.17322023771703
            ],
            [
              7.324990178924054,
              46.17326023755595
            ],
            [
              7.325080178678036,
              46.173290237784386
            ],
            [
              7.3251101789064705,
              46.173330237623304
            ],
            [
              7.325240178499371,
              46.17350023705512
            ],
            [
              7.3253501784056425,
              46.17364023672417
            ],
            [
              7.325470177922398,
              46.17377023678273
            ],
            [
              7.325500178150833,
              46.1738002365455
            ],
            [
              7.325650177896023,
              46.173910236451775
            ],
            [
              7.325830177869648,
              46.174040236510336
            ],
            [
              7.3258701781742275,
              46.17407023673877
            ],
            [
              7.325920178089291,
              46.174080236814916
            ],
            [
              7.325970178004354,
              46.174080236349255
            ],
            [
              7.3260301779955626,
              46.17405023658648
            ],
            [
              7.326160178054124,
              46.17399023659527
            ],
            [
              7.326260177884251,
              46.17394023621455
            ],
            [
              7.326320177875459,
              46.17392023652792
            ],
            [
              7.326450177934021,
              46.173910236451775
            ],
            [
              7.326570177916437,
              46.17390023637563
            ],
            [
              7.326670191716403,
              46.173900253139436
            ],
            [
              7.326700191944838,
              46.173900253139436
            ],
            [
              7.326760191936046,
              46.17391025321558
            ],
            [
              7.326790192164481,
              46.1739502530545
            ],
            [
              7.326800191774964,
              46.173960253130645
            ],
            [
              7.326800191774964,
              46.17399025335908
            ],
            [
              7.326770192012191,
              46.174030253198
            ],
            [
              7.326710191555321,
              46.174070253036916
            ],
            [
              7.326670191716403,
              46.174090252723545
            ],
            [
              7.326700191479176,
              46.174110252875835
            ],
            [
              7.326700191479176,
              46.17414025263861
            ],
            [
              7.326680191792548,
              46.17418025294319
            ],
            [
              7.326620191801339,
              46.17425025254488
            ],
            [
              7.3266101917251945,
              46.17429025284946
            ],
            [
              7.3266101917251945,
              46.17432025261223
            ],
            [
              7.3266101917251945,
              46.17436025291681
            ],
            [
              7.32658019149676,
              46.174430252518505
            ],
            [
              7.326570191420615,
              46.17449025250971
            ],
            [
              7.32658019149676,
              46.17457025265321
            ],
            [
              7.326660191640258,
              46.17471025278792
            ],
            [
              7.326720191165805,
              46.17497025243938
            ],
            [
              7.326780191157013,
              46.17505025258288
            ],
            [
              7.326860191300511,
              46.17522025248036
            ],
            [
              7.326910191215575,
              46.1753602521494
            ],
            [
              7.326990191359073,
              46.175600252114236
            ],
            [
              7.326990191359073,
              46.17563025234267
            ],
            [
              7.326990191359073,
              46.175660252105445
            ],
            [
              7.327020191121846,
              46.175700252410024
            ],
            [
              7.327080191113055,
              46.1757302521728
            ],
            [
              7.3271201914176345,
              46.17578025208786
            ],
            [
              7.3271901910193264,
              46.17582025239244
            ],
            [
              7.327230191323906,
              46.175850252155215
            ],
            [
              7.327250191476196,
              46.175890252459794
            ],
            [
              7.32726019108668,
              46.175960252061486
            ],
            [
              7.327250191010535,
              46.176040252204984
            ],
            [
              7.327220191247761,
              46.17611025227234
            ],
            [
              7.327160191256553,
              46.17618025233969
            ],
            [
              7.3270901911892,
              46.1762402523309
            ],
            [
              7.327030191197991,
              46.17631025239825
            ],
            [
              7.3270101910457015,
              46.176360252313316
            ],
            [
              7.327020191121846,
              46.17643025191501
            ],
            [
              7.327030191197991,
              46.176510252058506
            ],
            [
              7.327020191121846,
              46.176590252202004
            ],
            [
              7.327000190969557,
              46.17666025226936
            ],
            [
              7.3270101910457015,
              46.17669025249779
            ],
            [
              7.327060191426426,
              46.17671025218442
            ],
            [
              7.3271801909431815,
              46.17675025202334
            ],
            [
              7.3272901913151145,
              46.1768002519384
            ],
            [
              7.327340191230178,
              46.17683025216684
            ],
            [
              7.327370190992951,
              46.1768802520819
            ],
            [
              7.327380191069096,
              46.176950252149254
            ],
            [
              7.327370190992951,
              46.17702025221661
            ],
            [
              7.327340191230178,
              46.177120252046734
            ],
            [
              7.327310191001743,
              46.177210251800716
            ],
            [
              7.327300190925598,
              46.177230251953006
            ],
            [
              7.327290190849453,
              46.17733025178313
            ],
            [
              7.327300191391259,
              46.17745025223121
            ],
            [
              7.327280190773308,
              46.177630251739174
            ],
            [
              7.327270191162825,
              46.17770025180653
            ],
            [
              7.32724019093439,
              46.177760251797736
            ],
            [
              7.327220191247761,
              46.17779025202617
            ],
            [
              7.32724019093439,
              46.177840251941234
            ],
            [
              7.32724019093439,
              46.1778902518563
            ],
            [
              7.32724019093439,
              46.17792025208473
            ],
            [
              7.327250191010535,
              46.177990252152085
            ],
            [
              7.327320191077888,
              46.178160251583904
            ],
            [
              7.32737019052729,
              46.17823025165126
            ],
            [
              7.327440190594643,
              46.178310251794755
            ],
            [
              7.327500190585852,
              46.17841025162488
            ],
            [
              7.327540190890431,
              46.178560251835734
            ],
            [
              7.32758019072935,
              46.178670251742005
            ],
            [
              7.3276901906356215,
              46.17881025141105
            ],
            [
              7.327760190702975,
              46.178880251478404
            ],
            [
              7.327790190465748,
              46.17892025131732
            ],
            [
              7.327900190837681,
              46.178990251384676
            ],
            [
              7.327980190515518,
              46.17912025144324
            ],
            [
              7.328070190735161,
              46.179180251434445
            ],
            [
              7.328190190717578,
              46.179220251273364
            ],
            [
              7.328420190606266,
              46.1792502515018
            ],
            [
              7.328500190749764,
              46.1792502515018
            ],
            [
              7.328580190427601,
              46.179240251425654
            ],
            [
              7.328630190808326,
              46.17923025134951
            ],
            [
              7.328730190638453,
              46.179200251121074
            ],
            [
              7.3288401905447245,
              46.179180250968784
            ],
            [
              7.329020190518349,
              46.179180251434445
            ],
            [
              7.329220190178603,
              46.17919025104493
            ],
            [
              7.329310190398246,
              46.179200251121074
            ],
            [
              7.329360190313309,
              46.17923025088385
            ],
            [
              7.329410190228373,
              46.179290250875056
            ],
            [
              7.329490190371871,
              46.17932025063783
            ],
            [
              7.329550189897418,
              46.17936025047675
            ],
            [
              7.329590190201998,
              46.17939025070518
            ],
            [
              7.329620189964771,
              46.179460250772536
            ],
            [
              7.329720189794898,
              46.17958025075495
            ],
            [
              7.329760190099478,
              46.179610250517726
            ],
            [
              7.329830190166831,
              46.17966025043279
            ],
            [
              7.330090189818293,
              46.179820250719786
            ],
            [
              7.330190190114081,
              46.17993025062606
            ],
            [
              7.330290189944208,
              46.18005025014281
            ],
            [
              7.330440189689398,
              46.18021024996415
            ],
            [
              7.330510189756751,
              46.18026024987921
            ],
            [
              7.330610189586878,
              46.180290250107646
            ],
            [
              7.330760189797729,
              46.180310249794275
            ],
            [
              7.330980189610273,
              46.180370250251144
            ],
            [
              7.331080189906061,
              46.18041025009006
            ],
            [
              7.331190189812332,
              46.18042025016621
            ],
            [
              7.3314501899294555,
              46.18043025024235
            ],
            [
              7.331530189607292,
              46.18047025008127
            ],
            [
              7.331580189522356,
              46.18051024992019
            ],
            [
              7.3316901894286275,
              46.18060025013983
            ],
            [
              7.331760189495981,
              46.18066025013104
            ],
            [
              7.331850189715624,
              46.180710250046104
            ],
            [
              7.331940189469606,
              46.18076024996117
            ],
            [
              7.331990189384669,
              46.180800249800086
            ],
            [
              7.332060189452022,
              46.18090024963021
            ],
            [
              7.332150189206004,
              46.18100024946034
            ],
            [
              7.332280189264566,
              46.181160249281675
            ],
            [
              7.332360188942403,
              46.18124024942517
            ],
            [
              7.332480188924819,
              46.181310249492526
            ],
            [
              7.332700189203024,
              46.18140024924651
            ],
            [
              7.332910188939422,
              46.181480249390006
            ],
            [
              7.333210188895464,
              46.181630249135196
            ],
            [
              7.333480189088732,
              46.181820249184966
            ],
            [
              7.33356018923223,
              46.18187024910003
            ],
            [
              7.333740189205855,
              46.18194024916738
            ],
            [
              7.333980189170688,
              46.18196024931967
            ],
            [
              7.334150189068168,
              46.181990249082446
            ],
            [
              7.33430018927902,
              46.182050249073654
            ],
            [
              7.334680188912898,
              46.182180249132216
            ],
            [
              7.334950189106166,
              46.18229024903849
            ],
            [
              7.334960189182311,
              46.18231024919078
            ],
            [
              7.334970188792795,
              46.18269024929032
            ],
            [
              7.3349301889538765,
              46.182710248976946
            ],
            [
              7.334870188962668,
              46.18272024905309
            ],
            [
              7.334800188895315,
              46.182730248663574
            ],
            [
              7.334740188904107,
              46.182730248663574
            ],
            [
              7.334700188599527,
              46.182730248663574
            ],
            [
              7.334570189006627,
              46.1827002489008
            ],
            [
              7.3344801887869835,
              46.18269024929032
            ],
            [
              7.334400189109147,
              46.18268024921417
            ],
            [
              7.3343101888895035,
              46.1827002489008
            ],
            [
              7.334210189059377,
              46.18272024905309
            ],
            [
              7.3341301889158785,
              46.18276024889201
            ],
            [
              7.334110188763589,
              46.18276024889201
            ]
          ],
          [
            [
              7.338080184068531,
              46.20020024245605
            ],
            [
              7.338170183822513,
              46.20023024268448
            ],
            [
              7.338250183966011,
              46.20024024229497
            ],
            [
              7.338360183406621,
              46.200240241829306
            ],
            [
              7.3385401838459074,
              46.20027024205774
            ],
            [
              7.3387001836672425,
              46.20031024189666
            ],
            [
              7.338810183573514,
              46.20033024204895
            ],
            [
              7.338990183547139,
              46.200340242125094
            ],
            [
              7.339090183842927,
              46.20036024181172
            ],
            [
              7.339240183588117,
              46.2004002421163
            ],
            [
              7.339430183637887,
              46.200450242031366
            ],
            [
              7.339530183468014,
              46.20048024179414
            ],
            [
              7.339610183611512,
              46.200490241870284
            ],
            [
              7.339700183365494,
              46.200470241717994
            ],
            [
              7.339760183822364,
              46.20044024195522
            ],
            [
              7.339830183424056,
              46.20042024180293
            ],
            [
              7.339940183795989,
              46.200430241879076
            ],
            [
              7.3400201834738255,
              46.20044024195522
            ],
            [
              7.34022018359974,
              46.20050024194643
            ],
            [
              7.340440183412284,
              46.20052024209872
            ],
            [
              7.340570183470845,
              46.20054024178535
            ],
            [
              7.340670183766633,
              46.20055024186149
            ],
            [
              7.340670183766633,
              46.20055024186149
            ],
            [
              7.34077018359676,
              46.200600241776556
            ],
            [
              7.340870183426887,
              46.200680241920054
            ],
            [
              7.341000183485448,
              46.20075024198741
            ],
            [
              7.341070183552802,
              46.20082024205476
            ],
            [
              7.341100183781236,
              46.200870241969824
            ],
            [
              7.34113018354401,
              46.20097024226561
            ],
            [
              7.341120183933526,
              46.20105024194345
            ],
            [
              7.341140183620155,
              46.20118024200201
            ],
            [
              7.341160183772445,
              46.201210241764784
            ],
            [
              7.341190183535218,
              46.20122024184093
            ],
            [
              7.341230183839798,
              46.201230241917074
            ],
            [
              7.341330183669925,
              46.201230241917074
            ],
            [
              7.341390183661133,
              46.20124024199322
            ],
            [
              7.341460183728486,
              46.20126024214551
            ],
            [
              7.341560183558613,
              46.20129024190828
            ],
            [
              7.34168018354103,
              46.20131024206057
            ],
            [
              7.341790183447301,
              46.20131024206057
            ],
            [
              7.34185018343851,
              46.20130024198443
            ],
            [
              7.342010183725506,
              46.20131024206057
            ],
            [
              7.342190183699131,
              46.20133024221286
            ],
            [
              7.342270183842629,
              46.2013302417472
            ],
            [
              7.342390183825046,
              46.201320241671056
            ],
            [
              7.342520183417946,
              46.20131024159491
            ],
            [
              7.342640183400363,
              46.20129024144262
            ],
            [
              7.3427401832304895,
              46.20129024144262
            ],
            [
              7.342880183365196,
              46.201300241518766
            ],
            [
              7.3430101834237576,
              46.201340241357684
            ],
            [
              7.343210183084011,
              46.20139024127275
            ],
            [
              7.343320182990283,
              46.201430241111666
            ],
            [
              7.343440182972699,
              46.20146024087444
            ],
            [
              7.343750183004886,
              46.20153024094179
            ],
            [
              7.343860182911158,
              46.201560240704566
            ],
            [
              7.343970183283091,
              46.201590240933
            ],
            [
              7.344050183426589,
              46.201640241313726
            ],
            [
              7.344170184805989,
              46.201700241304934
            ],
            [
              7.344330184627324,
              46.20179024152458
            ],
            [
              7.344390184618533,
              46.201810241211206
            ],
            [
              7.344450184609741,
              46.201810241211206
            ],
            [
              7.344520184677094,
              46.20182024128735
            ],
            [
              7.344640184659511,
              46.201830241363496
            ],
            [
              7.3447501845657825,
              46.201870241202414
            ],
            [
              7.344860184472054,
              46.20192024111748
            ],
            [
              7.344950184691697,
              46.201980241108686
            ],
            [
              7.345000184606761,
              46.202000241260976
            ],
            [
              7.345110184513032,
              46.202040241099894
            ],
            [
              7.345250184647739,
              46.20207024132833
            ],
            [
              7.345310184638947,
              46.20209024101496
            ],
            [
              7.345360184554011,
              46.20211024116725
            ],
            [
              7.345420184545219,
              46.20216024108231
            ],
            [
              7.345480184536427,
              46.202190241310745
            ],
            [
              7.345540184527636,
              46.20222024107352
            ],
            [
              7.345650184433907,
              46.202250241301954
            ],
            [
              7.345800184644759,
              46.20229024114087
            ],
            [
              7.345880184322596,
              46.20231024129316
            ],
            [
              7.346000184305012,
              46.202360241208225
            ],
            [
              7.346090184524655,
              46.202390240971
            ],
            [
              7.346190184354782,
              46.20241024065763
            ],
            [
              7.346330184489489,
              46.20243024080992
            ],
            [
              7.34642018424347,
              46.20244024088606
            ],
            [
              7.346560184378177,
              46.20243024127558
            ],
            [
              7.346780184656382,
              46.202390240971
            ],
            [
              7.346990184858441,
              46.20235024113208
            ],
            [
              7.347060184460133,
              46.202340241055936
            ],
            [
              7.347100184764713,
              46.202340241055936
            ],
            [
              7.347210184670985,
              46.20237024128437
            ],
            [
              7.3476601843722165,
              46.20252024102956
            ],
            [
              7.3478301842696965,
              46.202570240944624
            ],
            [
              7.3479401846416295,
              46.2026002407074
            ],
            [
              7.348080184310675,
              46.20264024101198
            ],
            [
              7.348230184521526,
              46.202680240850896
            ],
            [
              7.348340184427798,
              46.202700241003186
            ],
            [
              7.348430184647441,
              46.202740240842104
            ],
            [
              7.348520184401423,
              46.20278024068102
            ],
            [
              7.348590184468776,
              46.2028202409856
            ],
            [
              7.348670184612274,
              46.202850240748376
            ],
            [
              7.348850184585899,
              46.202910240739584
            ],
            [
              7.348950184416026,
              46.202930240891874
            ],
            [
              7.349130184389651,
              46.20298024080694
            ],
            [
              7.349200184457004,
              46.20298024080694
            ],
            [
              7.349280184134841,
              46.20299024088308
            ],
            [
              7.349370184354484,
              46.203000240493566
            ],
            [
              7.349440184421837,
              46.203020240645856
            ],
            [
              7.349500184413046,
              46.203060240950435
            ],
            [
              7.349560184404254,
              46.2031102408655
            ],
            [
              7.349620184395462,
              46.20313024055213
            ],
            [
              7.349670184310526,
              46.20314024062827
            ],
            [
              7.349740184377879,
              46.20315024070442
            ],
            [
              7.349900184199214,
              46.20318024046719
            ],
            [
              7.350020184181631,
              46.20322024077177
            ],
            [
              7.350180184468627,
              46.20328024076298
            ],
            [
              7.350350184366107,
              46.20336024090648
            ],
            [
              7.35040018428117,
              46.20339024066925
            ],
            [
              7.350470184348524,
              46.203420240432024
            ],
            [
              7.350630184169859,
              46.20345024066046
            ],
            [
              7.350960184354335,
              46.20348024042323
            ],
            [
              7.3513501840643585,
              46.20351024065167
            ],
            [
              7.351590184029192,
              46.20349024049938
            ],
            [
              7.351920184213668,
              46.20347024034709
            ],
            [
              7.352040184196085,
              46.203490240033716
            ],
            [
              7.352230183780193,
              46.203530240338296
            ],
            [
              7.352360183838755,
              46.20358024025336
            ],
            [
              7.352520184125751,
              46.20367024000734
            ],
            [
              7.352640184108168,
              46.20377024030313
            ],
            [
              7.3527701841667295,
              46.20392024004832
            ],
            [
              7.352840183768421,
              46.20407024025917
            ],
            [
              7.352910183835775,
              46.20415024040267
            ],
            [
              7.353010184131563,
              46.204250240232795
            ],
            [
              7.3531001838855445,
              46.204290240071714
            ],
            [
              7.3532801838591695,
              46.20434023998678
            ],
            [
              7.353350183926523,
              46.20437024021521
            ],
            [
              7.353460183832794,
              46.2043902403675
            ],
            [
              7.353570183739066,
              46.20441024005413
            ],
            [
              7.353620184119791,
              46.204420240130275
            ],
            [
              7.3537201839499176,
              46.204440240282565
            ],
            [
              7.353840183932334,
              46.204460239969194
            ],
            [
              7.354040184058249,
              46.204480240121484
            ],
            [
              7.354220184031874,
              46.204480240121484
            ],
            [
              7.354430184233934,
              46.20449024019763
            ],
            [
              7.354500184301287,
              46.204500240273774
            ],
            [
              7.35455018421635,
              46.20451024034992
            ],
            [
              7.354620184283704,
              46.20452024042606
            ],
            [
              7.354660184122622,
              46.20452024042606
            ],
            [
              7.35474018426612,
              46.20452024042606
            ],
            [
              7.354920184239745,
              46.20453024050221
            ],
            [
              7.355000184383243,
              46.2045502406545
            ],
            [
              7.355050184298307,
              46.20456024026498
            ],
            [
              7.355160184204578,
              46.20457024034113
            ],
            [
              7.3552501844242215,
              46.20457024034113
            ],
            [
              7.35531018441543,
              46.20456024026498
            ],
            [
              7.355350184254348,
              46.20455024018884
            ],
            [
              7.35546018416062,
              46.20453024003655
            ],
            [
              7.355550183914602,
              46.20449023973197
            ],
            [
              7.35559018375352,
              46.204480240121484
            ],
            [
              7.355700184125453,
              46.204480240121484
            ],
            [
              7.3557601841166615,
              46.204480240121484
            ],
            [
              7.355810184031725,
              46.20447024004534
            ],
            [
              7.355920183937997,
              46.20445024035871
            ],
            [
              7.355950184166431,
              46.204440240282565
            ],
            [
              7.35599018400535,
              46.20445023989305
            ],
            [
              7.3560101836919785,
              46.204480240121484
            ],
            [
              7.356030183844268,
              46.20450023980811
            ],
            [
              7.356060184072703,
              46.2045202399604
            ],
            [
              7.356090183835477,
              46.20454024011269
            ],
            [
              7.35612018359825,
              46.204570239875466
            ],
            [
              7.35614018375054,
              46.204610239714384
            ],
            [
              7.35616018390283,
              46.20479023968801
            ],
            [
              7.3561801835894585,
              46.204950239975005
            ],
            [
              7.35618018405512,
              46.20500023989007
            ],
            [
              7.356210183817893,
              46.20507023995742
            ],
            [
              7.356280183419585,
              46.20513023948297
            ],
            [
              7.356370183639228,
              46.20520023955032
            ],
            [
              7.356560183688998,
              46.20536023937166
            ],
            [
              7.3566301837563515,
              46.20540023967624
            ],
            [
              7.356750183738768,
              46.20543023943901
            ],
            [
              7.356850183568895,
              46.205480239354074
            ],
            [
              7.356930183712393,
              46.20553023926914
            ],
            [
              7.356990183703601,
              46.20557023957372
            ],
            [
              7.357170183677226,
              46.20570023963228
            ],
            [
              7.35737018333748,
              46.205840239301324
            ],
            [
              7.357510183472186,
              46.205950239207596
            ],
            [
              7.3576501831412315,
              46.20604023896158
            ],
            [
              7.357770183123648,
              46.20613023918122
            ],
            [
              7.3578301831148565,
              46.206160238943994
            ],
            [
              7.357940183021128,
              46.2062202389352
            ],
            [
              7.358080183155835,
              46.20628023892641
            ],
            [
              7.358230183366686,
              46.206330238841474
            ],
            [
              7.3585501834750175,
              46.20642023906112
            ],
            [
              7.358750183135271,
              46.20647023897618
            ],
            [
              7.358920183498412,
              46.20651023928076
            ],
            [
              7.359040183480829,
              46.206520238891244
            ],
            [
              7.359480183105916,
              46.20657023880631
            ],
            [
              7.359540183097124,
              46.20657023880631
            ],
            [
              7.359730183146894,
              46.20660023903474
            ],
            [
              7.359840183053166,
              46.20662023918703
            ],
            [
              7.35989018343389,
              46.20662023918703
            ],
            [
              7.360050183255225,
              46.206650238949805
            ],
            [
              7.360090183094144,
              46.20666023902595
            ],
            [
              7.360140183009207,
              46.206690238788724
            ],
            [
              7.360170183237642,
              46.20672023901716
            ],
            [
              7.36023018322885,
              46.20681023877114
            ],
            [
              7.360340182669461,
              46.20692023821175
            ],
            [
              7.360410182736814,
              46.20700023835525
            ],
            [
              7.3604401824995875,
              46.20705023827031
            ],
            [
              7.360500182490796,
              46.20711023826152
            ],
            [
              7.360550182405859,
              46.20715023810044
            ],
            [
              7.3606101823970675,
              46.20719023793936
            ],
            [
              7.360640182625502,
              46.20721023809165
            ],
            [
              7.360680182464421,
              46.20722023816779
            ],
            [
              7.360710182692856,
              46.207230237778276
            ],
            [
              7.360770182684064,
              46.207230237778276
            ],
            [
              7.360840182751417,
              46.207250237930566
            ],
            [
              7.360970182344317,
              46.207290237769485
            ],
            [
              7.3610601825639606,
              46.20732023753226
            ],
            [
              7.3611401822417974,
              46.20737023744732
            ],
            [
              7.361200182233006,
              46.207400237675756
            ],
            [
              7.361320182215422,
              46.2074102377519
            ],
            [
              7.361440182197839,
              46.207420237828046
            ],
            [
              7.361530182417482,
              46.20743023743853
            ],
            [
              7.361530167516321,
              46.20743022067472
            ],
            [
              7.361630167346448,
              46.20746022090316
            ],
            [
              7.3617301671765745,
              46.20748022058979
            ],
            [
              7.361800167243928,
              46.20751022081822
            ],
            [
              7.361920167226344,
              46.207540220580995
            ],
            [
              7.362030167132616,
              46.20757022080943
            ],
            [
              7.362140167504549,
              46.2076002205722
            ],
            [
              7.362220167182386,
              46.20767022063956
            ],
            [
              7.362330167088658,
              46.20778022008017
            ],
            [
              7.362470166757703,
              46.207860220223665
            ],
            [
              7.362650166731328,
              46.2079402199015
            ],
            [
              7.362790166400373,
              46.207990219350904
            ],
            [
              7.362930166069418,
              46.20803021918982
            ],
            [
              7.36306016612798,
              46.208080219104886
            ],
            [
              7.363190166186541,
              46.208120219409466
            ],
            [
              7.363310166168958,
              46.208140219096094
            ],
            [
              7.363410165999085,
              46.20817021932453
            ],
            [
              7.3634401662275195,
              46.20821021916345
            ],
            [
              7.363480166066438,
              46.208270219154656
            ],
            [
              7.363500166218728,
              46.20832021906972
            ],
            [
              7.363560166209936,
              46.2083602193743
            ],
            [
              7.363640165887773,
              46.20840021921322
            ],
            [
              7.363750165794045,
              46.208460218738765
            ],
            [
              7.3637901660986245,
              46.208480218891054
            ],
            [
              7.363850166089833,
              46.20850021857768
            ],
            [
              7.363920166157186,
              46.2084902189672
            ]
          ],
          [
            [
              7.36440016143024,
              46.20916021289304
            ],
            [
              7.364470161497593,
              46.209150213282555
            ],
            [
              7.364540161564946,
              46.20916021289304
            ],
            [
              7.364630161318928,
              46.209170212969184
            ],
            [
              7.364720161538571,
              46.20918021304533
            ],
            [
              7.364830161444843,
              46.20920021273196
            ],
            [
              7.364870161283761,
              46.2092102128081
            ],
            [
              7.364970161579549,
              46.20925021264702
            ],
            [
              7.365030161570758,
              46.20927021279931
            ],
            [
              7.365170161239803,
              46.209300212562084
            ],
            [
              7.365240161307156,
              46.209320212714374
            ],
            [
              7.3652901612222195,
              46.209320212714374
            ],
            [
              7.365370161365718,
              46.20933021279052
            ],
            [
              7.365600161254406,
              46.20933021232486
            ],
            [
              7.365650161169469,
              46.20933021232486
            ],
            [
              7.365660160779953,
              46.20933021232486
            ],
            [
              7.365720160771161,
              46.20934021193534
            ],
            [
              7.3658701605163515,
              46.20938021177426
            ],
            [
              7.36591016035527,
              46.20941021153703
            ],
            [
              7.36593016050756,
              46.20943021168932
            ],
            [
              7.365920160431415,
              46.2094602114521
            ],
            [
              7.365920160431415,
              46.20948021160439
            ],
            [
              7.36591016035527,
              46.20951021136716
            ],
            [
              7.3659301600418985,
              46.209540211129934
            ],
            [
              7.3659301600418985,
              46.20955021120608
            ],
            [
              7.365950160194188,
              46.20958021096885
            ],
            [
              7.366010160185397,
              46.20961021119729
            ],
            [
              7.3661001599393785,
              46.209670210722834
            ],
            [
              7.366200159769505,
              46.20973021071404
            ],
            [
              7.366240160074085,
              46.20974021079019
            ],
            [
              7.366310159675777,
              46.209760210476816
            ],
            [
              7.366460159420967,
              46.20979021023959
            ],
            [
              7.366560159716755,
              46.20981021039188
            ],
            [
              7.366810159757733,
              46.20986021030694
            ],
            [
              7.366880159825087,
              46.20987021038309
            ]
          ]
        ]
      }
    }
  ]
}