{
  "type": "FeatureCollection",
  "features": [
    {
      "type": "Feature",
      "properties": {
        "id": "7090647629974e4ea1ed34d0cc5af20c",
        "name": "Segment 001",
        "order": 1,
        "structure_type": "open",
        "water_status": "unknown",
        "continuous": true
      },
      "geometry": {
        "type": "LineString",
        "coordinates": [
          [
            7.532910298556089,
            46.355150391347706
          ],
          [
            7.532910298556089,
            46.35513039119542
          ],
          [
            7.5329002984799445,
            46.35511039104313
          ],
          [
            7.5329002984799445,
            46.35509039089084
          ],
          [
            7.5329002984799445,
            46.35506039112806
          ],
          [
            7.5328902984037995,
            46.35504039097577
          ],
          [
            7.532880298793316,
            46.355000391136855
          ],
          [
            7.532880298793316,
            46.354980390984565
          ],
          [
            7.532890298869461,
            46.35497039137408
          ],
          [
            7.532890298869461,
            46.354960391297936
          ],
          [
            7.5329002984799445,
            46.35495039122179
          ],
          [
            7.5329002984799445,
            46.35495039122179
          ],
          [
            7.532910298556089,
            46.35494039114565
          ],
          [
            7.533010298386216,
            46.354960390832275
          ],
          [
            7.533020298462361,
            46.35495039075613
          ],
          [
            7.533020298462361,
            46.35495039075613
          ],
          [
            7.533020298462361,
            46.3549303910695
          ],
          [
            7.533030298538506,
            46.35492039099336
          ],
          [
            7.533030298538506,
            46.35488039068878
          ],
          [
            7.533020298462361,
            46.35486039053649
          ],
          [
            7.533010298386216,
            46.354830390773714
          ],
          [
            7.533020298462361,
            46.354770390782505
          ],
          [
            7.533030298072845,
            46.35469039063901
          ],
          [
            7.53304029814899,
            46.35468039056286
          ],
          [
            7.5330602983012795,
            46.35465039033443
          ],
          [
            7.5330602983012795,
            46.35465039033443
          ],
          [
            7.533059685956687,
            46.354650573804975
          ],
          [
            7.533090715762228,
            46.35456329025328
          ],
          [
            7.533121745567769,
            46.35447600670159
          ],
          [
            7.533152774907649,
            46.354388722684234
          ],
          [
            7.533183802384883,
            46.35430053900927
          ],
          [
            7.533214830327779,
            46.354213254060596
          ],
          [
            7.53324715141207,
            46.35412236955017
          ],
          [
            7.533245696686208,
            46.35403241403401
          ],
          [
            7.533242943231016,
            46.35394245991483
          ],
          [
            7.533241488505155,
            46.353852504398674
          ],
          [
            7.533238735049963,
            46.35376255074516
          ],
          [
            7.533237280789763,
            46.35367259569466
          ],
          [
            7.533279959112406,
            46.35356011474505
          ],
          [
            7.53328029345721,
            46.353560384362936
          ],
          [
            7.53328029345721,
            46.353560384362936
          ],
          [
            7.533290293533355,
            46.35351038444787
          ],
          [
            7.5333002936095,
            46.35349038429558
          ],
          [
            7.5333202932961285,
            46.35344038438052
          ],
          [
            7.533350293524563,
            46.353390383999795
          ],
          [
            7.533360293600708,
            46.353370384313166
          ],
          [
            7.533370293211192,
            46.35336038423702
          ],
          [
            7.533400293439627,
            46.353330384008586
          ],
          [
            7.533410293515772,
            46.35332038393244
          ],
          [
            7.533460293430835,
            46.35328038409352
          ],
          [
            7.5335002932697535,
            46.35323038417846
          ],
          [
            7.533530293498188,
            46.35319038387388
          ],
          [
            7.5336002935655415,
            46.35314038395882
          ],
          [
            7.53366029355675,
            46.35311038419604
          ],
          [
            7.533680293243378,
            46.35309038404375
          ],
          [
            7.533720293547958,
            46.35306038428098
          ],
          [
            7.533730293158442,
            46.353050384204835
          ],
          [
            7.533740293234587,
            46.35304038412869
          ],
          [
            7.533760293386877,
            46.353010383900255
          ],
          [
            7.5337802935391665,
            46.35298038413748
          ],
          [
            7.533800293225795,
            46.35296038398519
          ],
          [
            7.53396029304713,
            46.352800383698195
          ],
          [
            7.534080293029547,
            46.35271038394421
          ],
          [
            7.5341102932579815,
            46.35268038371578
          ],
          [
            7.534180293325335,
            46.35262038372457
          ],
          [
            7.53419029340148,
            46.35260038357228
          ],
          [
            7.534230293240398,
            46.35253038350493
          ],
          [
            7.534310292918235,
            46.3524303836748
          ],
          [
            7.534330293070525,
            46.35241038352251
          ],
          [
            7.534390293061733,
            46.35232038376853
          ],
          [
            7.5344602931290865,
            46.35226038377732
          ],
          [
            7.53451029304415,
            46.35222038347274
          ],
          [
            7.534580293111503,
            46.35218038363382
          ],
          [
            7.534640293102711,
            46.352160383947194
          ],
          [
            7.534650293178856,
            46.35215038387105
          ],
          [
            7.5347302933223546,
            46.35207038372755
          ],
          [
            7.534750293008983,
            46.352060383651406
          ],
          [
            7.534850293304771,
            46.35201038373634
          ],
          [
            7.53489029314369,
            46.35199038358405
          ],
          [
            7.534930292982608,
            46.351970383897424
          ],
          [
            7.534990292973816,
            46.351930383592844
          ],
          [
            7.535000293049961,
            46.351930383592844
          ],
          [
            7.535000293049961,
            46.3519203835167
          ],
          [
            7.535020293202251,
            46.351890383753926
          ],
          [
            7.5350902932696044,
            46.35177038377151
          ],
          [
            7.535100293345749,
            46.351760383695364
          ],
          [
            7.535140293184668,
            46.35173038346693
          ],
          [
            7.535190293099731,
            46.35167038347572
          ],
          [
            7.5352602931670845,
            46.35162038356066
          ],
          [
            7.535280293319374,
            46.35160038387403
          ],
          [
            7.535410292912275,
            46.351510383654386
          ],
          [
            7.535450293216854,
            46.35150038357824
          ],
          [
            7.535530292894691,
            46.35146038327366
          ],
          [
            7.535620293114334,
            46.35143038351089
          ],
          [
            7.535690293181688,
            46.3514103833586
          ],
          [
            7.535800293087959,
            46.35137038351968
          ],
          [
            7.535890292841941,
            46.35135038336739
          ],
          [
            7.535980293061584,
            46.3513303832151
          ],
          [
            7.536080292891711,
            46.351320383604616
          ],
          [
            7.536350293084979,
            46.35129038337618
          ],
          [
            7.536530293058604,
            46.35127038322389
          ],
          [
            7.536690292879939,
            46.35123038338497
          ],
          [
            7.536800292786211,
            46.35120038315654
          ],
          [
            7.536830293014646,
            46.35119038308039
          ],
          [
            7.536950292997062,
            46.351130383089185
          ],
          [
            7.537000292912126,
            46.35110038332641
          ],
          [
            7.537030292674899,
            46.35108038317412
          ],
          [
            7.537110292818397,
            46.35102038318291
          ],
          [
            7.537140292581171,
            46.35098038287833
          ],
          [
            7.537170292809606,
            46.350940383039415
          ],
          [
            7.537200292572379,
            46.350900383200496
          ],
          [
            7.537340292707086,
            46.35063038300723
          ],
          [
            7.537380292546004,
            46.35053038271144
          ],
          [
            7.537390292622149,
            46.35050038294867
          ],
          [
            7.537400292698294,
            46.35048038279638
          ],
          [
            7.537420292850584,
            46.3504503830336
          ],
          [
            7.537440292537212,
            46.350430382881314
          ],
          [
            7.537450292613357,
            46.35040038265288
          ],
          [
            7.537480292376131,
            46.35036038281396
          ],
          [
            7.5375202926807106,
            46.35030038235709
          ],
          [
            7.537540292367339,
            46.35028038267046
          ],
          [
            7.537560292519629,
            46.35027038259432
          ],
          [
            7.537580292671919,
            46.3502303827554
          ],
          [
            7.537610292434692,
            46.35021038260311
          ],
          [
            7.537620292510837,
            46.35019038291648
          ],
          [
            7.537630292586982,
            46.350160382688046
          ],
          [
            7.537630292586982,
            46.35013038245961
          ],
          [
            7.537640292663127,
            46.35011038277298
          ],
          [
            7.537640292663127,
            46.35009038262069
          ],
          [
            7.537660292349756,
            46.350050382781774
          ],
          [
            7.537680292502046,
            46.35002038255334
          ],
          [
            7.537680292502046,
            46.350010382477194
          ],
          [
            7.5377002926543355,
            46.349990382790565
          ],
          [
            7.537820292636752,
            46.34992038272321
          ],
          [
            7.537840292323381,
            46.34991038264707
          ],
          [
            7.538020292297006,
            46.34975038236007
          ],
          [
            7.538090292364359,
            46.349670382682234
          ],
          [
            7.53809029283002,
            46.34960038261488
          ],
          [
            7.538080292753875,
            46.3495903830044
          ],
          [
            7.538080292753875,
            46.34956038277596
          ],
          [
            7.53807029267773,
            46.34953038301319
          ],
          [
            7.538060293067247,
            46.349520382937044
          ],
          [
            7.538060293067247,
            46.349500383250415
          ],
          [
            7.538040292914957,
            46.34947038302198
          ],
          [
            7.538020293228328,
            46.34944038325921
          ],
          [
            7.538000293076038,
            46.34940038342029
          ],
          [
            7.53796029323712,
            46.34934038389474
          ],
          [
            7.537930293474346,
            46.34930038405582
          ],
          [
            7.537900293711573,
            46.34923038398847
          ],
          [
            7.537900293711573,
            46.349200384225696
          ],
          [
            7.537910293787718,
            46.34917038446292
          ],
          [
            7.537920293863863,
            46.34914038423449
          ],
          [
            7.537940293550491,
            46.34910038392991
          ],
          [
            7.537970293778926,
            46.34906038409099
          ],
          [
            7.538100293371826,
            46.34897038387135
          ],
          [
            7.538140293210745,
            46.34894038364291
          ],
          [
            7.538160293363035,
            46.34893038356677
          ],
          [
            7.53817029343918,
            46.34892038349062
          ],
          [
            7.538190293125808,
            46.34890038333833
          ],
          [
            7.538220293354243,
            46.348880383651704
          ],
          [
            7.53830029303208,
            46.34885038342327
          ],
          [
            7.538370293099433,
            46.348820383194834
          ],
          [
            7.538420292548835,
            46.348780382890254
          ],
          [
            7.5384902926161885,
            46.348740382585675
          ],
          [
            7.538540292531252,
            46.348720382433385
          ],
          [
            7.538570292294025,
            46.34872038196772
          ],
          [
            7.538600292056799,
            46.34871038189158
          ],
          [
            7.538620292209089,
            46.34871038189158
          ],
          [
            7.538640291895717,
            46.34872038196772
          ],
          [
            7.538690291810781,
            46.34871038189158
          ],
          [
            7.538720292039216,
            46.34870038181543
          ],
          [
            7.538720292039216,
            46.34870038181543
          ],
          [
            7.538690291810781,
            46.348660381976515
          ],
          [
            7.538690291810781,
            46.34863038174808
          ],
          [
            7.538710291963071,
            46.34850038168952
          ],
          [
            7.538710291963071,
            46.34848038200289
          ],
          [
            7.538720292039216,
            46.3484603818506
          ],
          [
            7.538710291963071,
            46.348430381622165
          ],
          [
            7.538700291886926,
            46.34840038185939
          ],
          [
            7.538700291886926,
            46.34836038155481
          ],
          [
            7.5387302921153605,
            46.34821038180962
          ],
          [
            7.5387302921153605,
            46.34820038173348
          ],
          [
            7.538790292106569,
            46.348070381674916
          ],
          [
            7.5388002917170525,
            46.34806038159877
          ],
          [
            7.5388002917170525,
            46.348030381836
          ],
          [
            7.538810291793197,
            46.347940381616354
          ],
          [
            7.538810291793197,
            46.347900381777436
          ],
          [
            7.538810291793197,
            46.347870381549
          ],
          [
            7.538820291869342,
            46.34783038171008
          ],
          [
            7.538840292021632,
            46.34772038133815
          ],
          [
            7.538850291632116,
            46.347670381423086
          ],
          [
            7.538870291784406,
            46.34764038166031
          ],
          [
            7.538880291860551,
            46.34760038135573
          ],
          [
            7.538890291936696,
            46.347580381669104
          ],
          [
            7.538910291623324,
            46.34747038129717
          ],
          [
            7.538910291623324,
            46.34745038161054
          ],
          [
            7.538920291699469,
            46.34745038161054
          ],
          [
            7.538950291462243,
            46.34738038154319
          ],
          [
            7.538980291690677,
            46.34732038108632
          ],
          [
            7.538990291766822,
            46.34726038109511
          ],
          [
            7.539000291377306,
            46.34715038118884
          ],
          [
            7.538980291690677,
            46.34709038119763
          ],
          [
            7.5389602915383875,
            46.34705038089305
          ],
          [
            7.538930291309953,
            46.34701038105413
          ],
          [
            7.538910291623324,
            46.34699038090184
          ],
          [
            7.538890291471034,
            46.34696038113907
          ],
          [
            7.538870291318744,
            46.34692038083449
          ],
          [
            7.538870291318744,
            46.34687038091943
          ],
          [
            7.538870291318744,
            46.34681038092822
          ],
          [
            7.5388502911664546,
            46.346780380699784
          ],
          [
            7.5388502911664546,
            46.346780380699784
          ],
          [
            7.538830291014165,
            46.34677038062364
          ],
          [
            7.538810291327536,
            46.34675038093701
          ],
          [
            7.538710291031748,
            46.346720380708575
          ],
          [
            7.538680290803313,
            46.34671038063243
          ],
          [
            7.53867029119283,
            46.346700380556285
          ],
          [
            7.538640290964395,
            46.34669038048014
          ],
          [
            7.538620290812105,
            46.34669038048014
          ],
          [
            7.538560291286558,
            46.34669038048014
          ],
          [
            7.538550291210413,
            46.34669038048014
          ],
          [
            7.538520290981978,
            46.346680380403996
          ],
          [
            7.538500290829688,
            46.346680380403996
          ],
          [
            7.53848029114306,
            46.34667038032785
          ],
          [
            7.5384102910757065,
            46.346660380251706
          ],
          [
            7.538390290923417,
            46.346660380251706
          ],
          [
            7.538370290771127,
            46.346660380251706
          ],
          [
            7.538330290932208,
            46.346660380251706
          ],
          [
            7.538240290712565,
            46.34665038017556
          ],
          [
            7.53821029048413,
            46.346640380099416
          ],
          [
            7.538170290645212,
            46.346640379633754
          ],
          [
            7.538150290492922,
            46.34663037955761
          ],
          [
            7.538120290264487,
            46.34661037940532
          ],
          [
            7.5380902900360525,
            46.34660037886351
          ],
          [
            7.538020289503038,
            46.346540378406644
          ],
          [
            7.537980288732797,
            46.34652037778869
          ],
          [
            7.537950288504362,
            46.34646037733182
          ],
          [
            7.537940288428217,
            46.34645037725568
          ],
          [
            7.537880288437009,
            46.34644037717953
          ],
          [
            7.53784028859809,
            46.34643037710339
          ],
          [
            7.537810288369656,
            46.34642037702724
          ],
          [
            7.537790288217366,
            46.3464103769511
          ],
          [
            7.537720288615674,
            46.346380377188325
          ],
          [
            7.5376502885483205,
            46.34635037742555
          ],
          [
            7.537620288319886,
            46.34633037727326
          ],
          [
            7.537610288243741,
            46.34632037719712
          ],
          [
            7.537590288557112,
            46.34629037696868
          ],
          [
            7.537580288480967,
            46.34622037736699
          ],
          [
            7.537560288328677,
            46.34613037714735
          ],
          [
            7.537560288328677,
            46.3461203770712
          ],
          [
            7.537530288565904,
            46.34609037730843
          ],
          [
            7.537520288489759,
            46.34608037723228
          ],
          [
            7.537490288261324,
            46.346040376927704
          ],
          [
            7.537470288574696,
            46.346000377088785
          ],
          [
            7.537430288270116,
            46.34594037709758
          ],
          [
            7.537330288439989,
            46.345790376886725
          ],
          [
            7.537330288439989,
            46.3457703772001
          ],
          [
            7.537310288287699,
            46.34574037697166
          ],
          [
            7.537300288211554,
            46.34567037690431
          ],
          [
            7.537300288211554,
            46.345660376828164
          ],
          [
            7.5372702879831195,
            46.34554037684575
          ],
          [
            7.537240288220346,
            46.34546037670225
          ],
          [
            7.5372002883814275,
            46.345410376787186
          ],
          [
            7.537180288229138,
            46.345390376634896
          ],
          [
            7.537160288076848,
            46.34537037694827
          ],
          [
            7.537140287924558,
            46.34534037671983
          ],
          [
            7.5371002880856395,
            46.345280376728624
          ],
          [
            7.5371002880856395,
            46.34527037665248
          ],
          [
            7.537060288246721,
            46.34523037681356
          ],
          [
            7.537020287942141,
            46.345200376585126
          ],
          [
            7.536990288179368,
            46.34516037674621
          ],
          [
            7.536980288103223,
            46.34515037667006
          ],
          [
            7.536980288103223,
            46.34514037659392
          ],
          [
            7.536970288027078,
            46.345100376755
          ],
          [
            7.536970288027078,
            46.345050376839936
          ],
          [
            7.5369302881881595,
            46.34497037669644
          ],
          [
            7.5369202881120145,
            46.34496037662029
          ],
          [
            7.536900287959725,
            46.344940376468
          ],
          [
            7.536860288120806,
            46.344920376781374
          ],
          [
            7.536840287968516,
            46.34491037670523
          ],
          [
            7.536810288205743,
            46.34491037670523
          ],
          [
            7.536780287977308,
            46.34491037670523
          ],
          [
            7.53674028813839,
            46.34491037670523
          ],
          [
            7.5367202879861,
            46.344920376781374
          ],
          [
            7.536690288223326,
            46.344920376781374
          ],
          [
            7.536680288147181,
            46.344920376781374
          ],
          [
            7.5366402878426015,
            46.34491037670523
          ],
          [
            7.536630288232118,
            46.34491037670523
          ],
          [
            7.536570287775248,
            46.344860376790166
          ],
          [
            7.536560288164765,
            46.344860376790166
          ],
          [
            7.536540288012475,
            46.34481037640944
          ],
          [
            7.536520287860185,
            46.34477037657052
          ],
          [
            7.5364702879451215,
            46.344650376588106
          ],
          [
            7.536430288106203,
            46.34455037675798
          ],
          [
            7.536400287877768,
            46.344500376377255
          ],
          [
            7.536380287725478,
            46.344460376538336
          ],
          [
            7.536370288114995,
            46.344440376386046
          ],
          [
            7.53636028803885,
            46.34442037669942
          ],
          [
            7.536370288114995,
            46.344350376632065
          ],
          [
            7.536390287801623,
            46.344290376640856
          ],
          [
            7.536380287725478,
            46.34428037656471
          ],
          [
            7.536370288114995,
            46.34425037633628
          ],
          [
            7.536350287962705,
            46.3442203765735
          ],
          [
            7.5363002880476415,
            46.34419037634507
          ],
          [
            7.536210287827998,
            46.34415037650615
          ],
          [
            7.53598028793931,
            46.34403037652373
          ],
          [
            7.535910287871957,
            46.34394037630409
          ],
          [
            7.535880287643522,
            46.34390037646517
          ],
          [
            7.535870287567377,
            46.34387037623674
          ],
          [
            7.535860287956893,
            46.34383037639782
          ],
          [
            7.5358502878807485,
            46.34381037624553
          ],
          [
            7.5358502878807485,
            46.34380037616938
          ],
          [
            7.535840287804604,
            46.34379037609324
          ],
          [
            7.535820287652314,
            46.343760376330465
          ],
          [
            7.535780287813395,
            46.34369037626311
          ],
          [
            7.5355802876874804,
            46.34345037629828
          ],
          [
            7.535500287543982,
            46.34337037615478
          ],
          [
            7.535460287705064,
            46.34333037631586
          ],
          [
            7.53541028779,
            46.343270376324654
          ],
          [
            7.535360287874937,
            46.34322037640959
          ],
          [
            7.535340287722647,
            46.3432003762573
          ],
          [
            7.535310287494212,
            46.34318037610501
          ],
          [
            7.53524028789252,
            46.34315037634224
          ],
          [
            7.535190287511796,
            46.34313037618995
          ],
          [
            7.535180287901312,
            46.3431203761138
          ],
          [
            7.535100287757814,
            46.34307037619874
          ],
          [
            7.5350502878427505,
            46.34303037635982
          ],
          [
            7.534920287784189,
            46.34295037621632
          ],
          [
            7.534860287792981,
            46.34290037630126
          ],
          [
            7.5347802876494825,
            46.34282037615776
          ],
          [
            7.534690287429839,
            46.34274037601426
          ],
          [
            7.534660287667066,
            46.34271037578583
          ],
          [
            7.5346102877520025,
            46.342660375870764
          ],
          [
            7.5346002876758575,
            46.34265037626028
          ],
          [
            7.534550287295133,
            46.342620376031846
          ],
          [
            7.5345002873800695,
            46.342600375879556
          ],
          [
            7.534450287465006,
            46.34257037611678
          ],
          [
            7.534400287549943,
            46.34254037588835
          ],
          [
            7.534370287321508,
            46.34250037604943
          ],
          [
            7.534340287558734,
            46.342450376134366
          ],
          [
            7.5343302874825895,
            46.34244037605822
          ],
          [
            7.5343102873303,
            46.342410375829786
          ],
          [
            7.534290287643671,
            46.342390375677496
          ],
          [
            7.534230287186801,
            46.34234037576243
          ],
          [
            7.534080287441611,
            46.342220375780016
          ],
          [
            7.533840287011117,
            46.3420203756541
          ],
          [
            7.533790287096053,
            46.34200037550181
          ],
          [
            7.533680287189782,
            46.34195037558675
          ],
          [
            7.5336002870462835,
            46.34191037574783
          ],
          [
            7.53357028728351,
            46.341900375671685
          ],
          [
            7.533340287394822,
            46.34182037552819
          ],
          [
            7.533270287327468,
            46.34179037576541
          ],
          [
            7.53317028703168,
            46.34174037538469
          ],
          [
            7.533050287049264,
            46.34168037539348
          ],
          [
            7.532750287093222,
            46.34161037579179
          ],
          [
            7.532700287178159,
            46.34160037571564
          ],
          [
            7.532650287263095,
            46.34156037541106
          ],
          [
            7.532610286958516,
            46.341540375724435
          ],
          [
            7.532550286967307,
            46.341510375496
          ],
          [
            7.532500287052244,
            46.34148037573323
          ],
          [
            7.532450287137181,
            46.34144037542865
          ],
          [
            7.5323502868413925,
            46.341330375522375
          ],
          [
            7.532300286926329,
            46.341290375217795
          ],
          [
            7.532280286774039,
            46.34127037553117
          ],
          [
            7.532250287011266,
            46.34126037545502
          ],
          [
            7.532170286867768,
            46.34122037515044
          ],
          [
            7.532040286809206,
            46.341180375311524
          ],
          [
            7.531890286598355,
            46.3411303749308
          ],
          [
            7.531830286607146,
            46.341100375168025
          ],
          [
            7.531810286920518,
            46.34109037509188
          ],
          [
            7.531790286768228,
            46.34107037493959
          ],
          [
            7.531760286539793,
            46.34103037510067
          ],
          [
            7.53169028647244,
            46.340990375261754
          ],
          [
            7.531580286566168,
            46.34096037503332
          ],
          [
            7.53150028642267,
            46.3409203751944
          ],
          [
            7.53135028667748,
            46.34088037488982
          ],
          [
            7.531300286762416,
            46.34086037473753
          ],
          [
            7.531290286686271,
            46.34085037512705
          ],
          [
            7.531250286381692,
            46.34083037497476
          ],
          [
            7.531200286466628,
            46.34079037467018
          ],
          [
            7.531130286399275,
            46.340760374907404
          ],
          [
            7.531060286331922,
            46.340720375068486
          ],
          [
            7.5310002863407135,
            46.34071037499234
          ],
          [
            7.53095028642565,
            46.340700374916196
          ],
          [
            7.53093028627336,
            46.34069037484005
          ],
          [
            7.530910286586732,
            46.34069037484005
          ],
          [
            7.530880286358297,
            46.34069037484005
          ],
          [
            7.530870286282152,
            46.340680374763906
          ],
          [
            7.530840286519378,
            46.34067037468776
          ],
          [
            7.530710286460817,
            46.34060037462041
          ],
          [
            7.5305902864784,
            46.340550374705344
          ],
          [
            7.530420286115259,
            46.34048037463799
          ],
          [
            7.530420286115259,
            46.340470374561846
          ],
          [
            7.530360286124051,
            46.340450374409556
          ],
          [
            7.530330286361277,
            46.34042037464678
          ],
          [
            7.530300286132842,
            46.34041037457064
          ],
          [
            7.530240286141634,
            46.3403803743422
          ],
          [
            7.530170286074281,
            46.340360374655575
          ],
          [
            7.530120286159217,
            46.340340374503285
          ],
          [
            7.5300302864052355,
            46.340320374350995
          ],
          [
            7.529980286024511,
            46.34031037474051
          ],
          [
            7.529900286346674,
            46.34031037474051
          ],
          [
            7.529830286279321,
            46.34033037442714
          ],
          [
            7.529720286373049,
            46.340360374655575
          ],
          [
            7.529650286305696,
            46.3403803743422
          ],
          [
            7.5295902863144875,
            46.34041037457064
          ],
          [
            7.529570286162198,
            46.34041037457064
          ],
          [
            7.529530286323279,
            46.34042037464678
          ],
          [
            7.529440286103636,
            46.34042037464678
          ],
          [
            7.529370286036283,
            46.34041037457064
          ],
          [
            7.5293102860450745,
            46.34041037457064
          ],
          [
            7.529240285977721,
            46.34041037457064
          ],
          [
            7.528990285936743,
            46.34042037464678
          ],
          [
            7.5289602861739695,
            46.34042037464678
          ],
          [
            7.528910286258906,
            46.34042037464678
          ],
          [
            7.528850286267698,
            46.34041037457064
          ],
          [
            7.528780286200345,
            46.34041037457064
          ],
          [
            7.528760286048055,
            46.34041037457064
          ],
          [
            7.528730286285281,
            46.34041037457064
          ],
          [
            7.528710286132991,
            46.34041037457064
          ],
          [
            7.528650286141783,
            46.34042037464678
          ],
          [
            7.52856028592214,
            46.340450374409556
          ],
          [
            7.528400286100805,
            46.340450374409556
          ],
          [
            7.528380285948515,
            46.340450374409556
          ],
          [
            7.528320285957307,
            46.34044037433341
          ],
          [
            7.528290285728872,
            46.34043037425727
          ],
          [
            7.52816028567031,
            46.34040037402883
          ],
          [
            7.528050285764039,
            46.3403703738004
          ],
          [
            7.528000285848975,
            46.3403703738004
          ],
          [
            7.527940285392106,
            46.34039037395269
          ],
          [
            7.527920285705477,
            46.34040037402883
          ],
          [
            7.527900285553187,
            46.34042037371546
          ],
          [
            7.527880285400897,
            46.340430373791605
          ],
          [
            7.527850285638124,
            46.34044037386775
          ],
          [
            7.527820285409689,
            46.34044037386775
          ],
          [
            7.527770285494626,
            46.34042037371546
          ],
          [
            7.527730285655707,
            46.34042037371546
          ],
          [
            7.527720285579562,
            46.34042037371546
          ],
          [
            7.527630285359919,
            46.340430373325944
          ],
          [
            7.5275002853013575,
            46.340430373325944
          ],
          [
            7.527490285225213,
            46.34044037340209
          ],
          [
            7.527470285072923,
            46.34044037340209
          ],
          [
            7.527420285157859,
            46.34046037355438
          ],
          [
            7.527390285395086,
            46.34047037316486
          ],
          [
            7.527290285099298,
            46.34049037331715
          ],
          [
            7.527170285116881,
            46.340520373079926
          ],
          [
            7.527090284973383,
            46.34053037315607
          ],
          [
            7.52702028490603,
            46.34053037315607
          ],
          [
            7.5269402847625315,
            46.34053037315607
          ],
          [
            7.526850284542888,
            46.340520372614264
          ],
          [
            7.52683028485626,
            46.340520372614264
          ],
          [
            7.526730284560472,
            46.34049037285149
          ],
          [
            7.526560284662992,
            46.34046037308872
          ],
          [
            7.526510284747928,
            46.34045037301257
          ],
          [
            7.5265002846717834,
            46.34045037254691
          ],
          [
            7.52645028475672,
            46.34043037286028
          ],
          [
            7.526350284460932,
            46.34042037278414
          ],
          [
            7.526300284545869,
            46.34038037294522
          ],
          [
            7.526200284715742,
            46.340330372564495
          ],
          [
            7.526140284724534,
            46.340310372412205
          ],
          [
            7.526130284648389,
            46.340310372412205
          ],
          [
            7.526110284496099,
            46.340310372412205
          ],
          [
            7.526020284742117,
            46.34030037233606
          ],
          [
            7.525920284446329,
            46.34030037233606
          ],
          [
            7.5258702845312655,
            46.34030037233606
          ],
          [
            7.525770284701139,
            46.340310372412205
          ],
          [
            7.525730284396559,
            46.34030037233606
          ],
          [
            7.5257002846337855,
            46.34030037233606
          ],
          [
            7.525600284337997,
            46.340270372573286
          ],
          [
            7.525470284279436,
            46.34023037226871
          ],
          [
            7.525450284127146,
            46.34023037226871
          ],
          [
            7.525430284440517,
            46.34023037226871
          ],
          [
            7.525390284135938,
            46.34024037234485
          ],
          [
            7.525370284449309,
            46.340250372420996
          ],
          [
            7.525340284220874,
            46.34026037249714
          ],
          [
            7.525300284381956,
            46.340290372259915
          ],
          [
            7.525290284305811,
            46.34030037233606
          ],
          [
            7.525220284238458,
            46.34034037217498
          ],
          [
            7.525190284010023,
            46.34035037225112
          ],
          [
            7.525160284247249,
            46.34037037240341
          ],
          [
            7.525080284103751,
            46.34039037209004
          ],
          [
            7.525010284036398,
            46.34041037224233
          ],
          [
            7.524980284273624,
            46.34043037239462
          ],
          [
            7.524850284215063,
            46.34047037223354
          ],
          [
            7.524740284308791,
            46.3405203721486
          ],
          [
            7.524700284004211,
            46.34053037222475
          ],
          [
            7.52459028409794,
            46.34057037206367
          ],
          [
            7.524490284267813,
            46.340630372054875
          ],
          [
            7.52442028420046,
            46.34066037228331
          ],
          [
            7.524410284124315,
            46.34066037228331
          ],
          [
            7.524370284285396,
            46.34067037189379
          ],
          [
            7.5243502841331065,
            46.34067037189379
          ],
          [
            7.524310283828527,
            46.34067037189379
          ],
          [
            7.524300284218043,
            46.34067037189379
          ],
          [
            7.524260283913463,
            46.340650372207165
          ],
          [
            7.52423028415069,
            46.340630372054875
          ],
          [
            7.524220284074545,
            46.340630372054875
          ],
          [
            7.524200283922255,
            46.340610371902585
          ],
          [
            7.524150284007192,
            46.34056037198752
          ],
          [
            7.524150284007192,
            46.34056037198752
          ],
          [
            7.524140283931047,
            46.34056037198752
          ],
          [
            7.524120283778757,
            46.34054037183523
          ],
          [
            7.524110284168273,
            46.34054037183523
          ],
          [
            7.524090284015983,
            46.34053037175909
          ],
          [
            7.524050283711404,
            46.34053037175909
          ],
          [
            7.524050283711404,
            46.34053037175909
          ],
          [
            7.524010283872485,
            46.34053037175909
          ],
          [
            7.523960283957422,
            46.34055037191138
          ],
          [
            7.5239002839662135,
            46.34057037206367
          ],
          [
            7.523870283737779,
            46.34058037167415
          ],
          [
            7.52381028374657,
            46.340590371750295
          ],
          [
            7.523740283679217,
            46.340630371589214
          ],
          [
            7.5236102836206555,
            46.34071037173271
          ],
          [
            7.523520283866674,
            46.340780371800065
          ],
          [
            7.523500283714384,
            46.340780371800065
          ],
          [
            7.523420283570886,
            46.340800371952355
          ],
          [
            7.523330283816904,
            46.340800371486694
          ],
          [
            7.523240283597261,
            46.34079037141055
          ],
          [
            7.523190283682197,
            46.340780371334404
          ],
          [
            7.523180283606052,
            46.340780371334404
          ],
          [
            7.523130283690989,
            46.340760371647775
          ],
          [
            7.523120283614844,
            46.34075037157163
          ],
          [
            7.523120283614844,
            46.34075037157163
          ],
          [
            7.523090283386409,
            46.34070037165657
          ],
          [
            7.523060283623636,
            46.3406403711997
          ],
          [
            7.523020283319056,
            46.34054037136957
          ],
          [
            7.5229902835562825,
            46.34047037130222
          ],
          [
            7.522910283412784,
            46.34031037101522
          ],
          [
            7.5228802831843495,
            46.3402703711763
          ],
          [
            7.522850283421576,
            46.34025037102401
          ],
          [
            7.522800283506513,
            46.34022037126124
          ],
          [
            7.522790283430368,
            46.340210371185094
          ],
          [
            7.5227202833630145,
            46.34020037110895
          ],
          [
            7.5227202833630145,
            46.34020037110895
          ],
          [
            7.5227102832868695,
            46.34020037110895
          ],
          [
            7.522640283219516,
            46.340190371032804
          ],
          [
            7.522610283456743,
            46.340190371032804
          ],
          [
            7.5225502834655344,
            46.340190371032804
          ],
          [
            7.5224402830936015,
            46.340210371185094
          ],
          [
            7.522360283415765,
            46.34022037126124
          ],
          [
            7.52231028303504,
            46.340230371337384
          ],
          [
            7.522250283043832,
            46.34025037102401
          ],
          [
            7.522200283128768,
            46.3402703711763
          ],
          [
            7.522110283374786,
            46.34031037101522
          ],
          [
            7.522080283146352,
            46.340320371091366
          ],
          [
            7.522040283307433,
            46.34033037116751
          ],
          [
            7.5219902829267085,
            46.34033037116751
          ],
          [
            7.521930283401161,
            46.340340371243656
          ],
          [
            7.521870283409953,
            46.34033037116751
          ],
          [
            7.521860283333808,
            46.34033037116751
          ],
          [
            7.521830283105373,
            46.34031037101522
          ],
          [
            7.5218102829530835,
            46.340280370786786
          ],
          [
            7.5218102829530835,
            46.34024037094787
          ],
          [
            7.521800282876939,
            46.34016037080437
          ],
          [
            7.521790283266455,
            46.340110370889306
          ],
          [
            7.52176028303802,
            46.3400503708981
          ],
          [
            7.52174028288573,
            46.34003037074581
          ],
          [
            7.521690282970667,
            46.33999037090689
          ],
          [
            7.521630282979459,
            46.339960370678455
          ],
          [
            7.521580283064395,
            46.33993037091568
          ],
          [
            7.52155028283596,
            46.3398903706111
          ],
          [
            7.521520283073187,
            46.33985037077218
          ],
          [
            7.5214702831581235,
            46.3397603710182
          ],
          [
            7.521440282929689,
            46.339730370789766
          ],
          [
            7.521390283014625,
            46.33970037056133
          ],
          [
            7.521270283032209,
            46.33965037064627
          ],
          [
            7.521270283032209,
            46.33964037057012
          ],
          [
            7.521240282803774,
            46.33963037049398
          ],
          [
            7.521200282964855,
            46.33961037080735
          ],
          [
            7.521070282906294,
            46.339580370578915
          ],
          [
            7.5210202829912305,
            46.339560370892286
          ],
          [
            7.520960283000022,
            46.339540370739996
          ],
          [
            7.520950282923877,
            46.339540370739996
          ],
          [
            7.520930282771587,
            46.33953037066385
          ],
          [
            7.520800282713026,
            46.33944037044421
          ],
          [
            7.520790282636881,
            46.33944037044421
          ],
          [
            7.520730282645673,
            46.339410370215774
          ],
          [
            7.520680282730609,
            46.339390370529145
          ],
          [
            7.520650282502174,
            46.339370370376855
          ],
          [
            7.520550282206386,
            46.3393003703095
          ],
          [
            7.520470282528549,
            46.33923037024215
          ],
          [
            7.520420282613486,
            46.33917037025094
          ],
          [
            7.520390282385051,
            46.33913036994636
          ],
          [
            7.5203602821566164,
            46.3390803700313
          ],
          [
            7.520330282393843,
            46.33904037019238
          ],
          [
            7.520300282165408,
            46.339010369963944
          ],
          [
            7.52026028232649,
            46.338970370125026
          ],
          [
            7.520220282487571,
            46.338950369972736
          ],
          [
            7.520200282335281,
            46.338930369820446
          ],
          [
            7.520170282106847,
            46.33889036998153
          ],
          [
            7.520160282030702,
            46.33887036982924
          ],
          [
            7.520130282267928,
            46.338820369914174
          ],
          [
            7.520090281963348,
            46.33877036953345
          ],
          [
            7.52005028212443,
            46.338720369618386
          ],
          [
            7.520020281895995,
            46.33867036970332
          ],
          [
            7.519960281904787,
            46.33860036963597
          ],
          [
            7.519920282065868,
            46.3385403691791
          ],
          [
            7.519830281846225,
            46.33843036927283
          ],
          [
            7.519780281465501,
            46.338360369205475
          ],
          [
            7.519740281626582,
            46.33828036906198
          ],
          [
            7.519710281398147,
            46.338190368842334
          ],
          [
            7.519670281093568,
            46.33805036870763
          ],
          [
            7.519650281406939,
            46.3380003683269
          ],
          [
            7.519600281026214,
            46.337860368192196
          ],
          [
            7.51957028079778,
            46.337820367887616
          ],
          [
            7.519560280721635,
            46.33780036820099
          ],
          [
            7.519530280958861,
            46.33776036789641
          ],
          [
            7.5194702805019915,
            46.337690367829055
          ],
          [
            7.519460280425847,
            46.33768036775291
          ],
          [
            7.519410280510783,
            46.337610367685556
          ],
          [
            7.519350280519575,
            46.33749036770314
          ],
          [
            7.51934028044343,
            46.337480367626995
          ],
          [
            7.519310280214995,
            46.33745036739856
          ],
          [
            7.519280280452222,
            46.33741036709398
          ],
          [
            7.51928027998656,
            46.33727036649361
          ],
          [
            7.519270279910415,
            46.33722036657855
          ],
          [
            7.519270279910415,
            46.337210366502404
          ],
          [
            7.5192602798342705,
            46.337190366815776
          ],
          [
            7.519230279605836,
            46.33716036658734
          ],
          [
            7.519050279632211,
            46.33703036652878
          ],
          [
            7.519050279632211,
            46.33703036652878
          ],
          [
            7.518900279421359,
            46.33697036653757
          ],
          [
            7.518830279354006,
            46.33693036623299
          ],
          [
            7.518770279362798,
            46.33687036624178
          ],
          [
            7.5186902792192996,
            46.33682036632672
          ],
          [
            7.518550279550254,
            46.336770365945995
          ],
          [
            7.518470279406756,
            46.33672036603093
          ],
          [
            7.518450279254466,
            46.33670036587864
          ],
          [
            7.518370279110968,
            46.336620366200805
          ],
          [
            7.518320279195905,
            46.336560365743935
          ],
          [
            7.518280279356986,
            46.33654036605731
          ],
          [
            7.518150279298425,
            46.33646036591381
          ],
          [
            7.5181002789177,
            46.33644036576152
          ],
          [
            7.5180702791549265,
            46.33643036568537
          ],
          [
            7.518020278774202,
            46.33642036560923
          ],
          [
            7.5179702788591385,
            46.33640036545694
          ],
          [
            7.51793027902022,
            46.336390365846455
          ],
          [
            7.51793027902022,
            46.336390365846455
          ],
          [
            7.51791027886793,
            46.336370365694165
          ],
          [
            7.517830279190093,
            46.3363203657791
          ],
          [
            7.5178002789616585,
            46.33631036570296
          ],
          [
            7.517770278733224,
            46.33631036570296
          ],
          [
            7.51774027897045,
            46.33631036570296
          ],
          [
            7.517700279131532,
            46.3363203657791
          ],
          [
            7.517680278979242,
            46.3363203657791
          ],
          [
            7.517650278750807,
            46.336350365541875
          ],
          [
            7.517610278911889,
            46.336390365380794
          ],
          [
            7.51757027907297,
            46.336450365372
          ],
          [
            7.51755027892068,
            46.33648036560044
          ],
          [
            7.5175202786922455,
            46.336560365278274
          ],
          [
            7.517460278701037,
            46.33663036581129
          ],
          [
            7.5174502790905535,
            46.33664036542177
          ],
          [
            7.517430278938264,
            46.33665036549792
          ],
          [
            7.517410278785974,
            46.33665036549792
          ],
          [
            7.517370278947055,
            46.33665036549792
          ],
          [
            7.5173402787186205,
            46.33664036542177
          ],
          [
            7.517310278955847,
            46.33663036534563
          ],
          [
            7.517200278583914,
            46.336580365430564
          ],
          [
            7.517150278668851,
            46.336540365125984
          ],
          [
            7.517100278753787,
            46.336500365287066
          ],
          [
            7.517010278534144,
            46.33640036499128
          ],
          [
            7.516940278466791,
            46.33636036515236
          ],
          [
            7.5168902785517275,
            46.336350365076214
          ],
          [
            7.516820278484374,
            46.336330364923924
          ],
          [
            7.516740278340876,
            46.33628036500886
          ],
          [
            7.516740278340876,
            46.33628036500886
          ],
          [
            7.516710278578103,
            46.33626036485657
          ],
          [
            7.516660278197378,
            46.33622036501765
          ],
          [
            7.5166202783584595,
            46.3361503649503
          ],
          [
            7.516580278519541,
            46.3360703648068
          ],
          [
            7.516540278214961,
            46.33603036496788
          ],
          [
            7.516490278299898,
            46.335970364976674
          ],
          [
            7.5164502784609795,
            46.335930364672095
          ],
          [
            7.51639027800411,
            46.335890364833176
          ],
          [
            7.516280278097838,
            46.33584036491811
          ],
          [
            7.51624027825892,
            46.33582036476582
          ],
          [
            7.516190278343856,
            46.33579036453739
          ],
          [
            7.516150278039277,
            46.335780364926904
          ],
          [
            7.516130278352648,
            46.33577036485076
          ],
          [
            7.516110278200358,
            46.33577036485076
          ],
          [
            7.516090278048068,
            46.33577036485076
          ],
          [
            7.515980278141797,
            46.335760364774615
          ],
          [
            7.515920278150588,
            46.33575036469847
          ],
          [
            7.515830277930945,
            46.335740364622325
          ],
          [
            7.5158302783966064,
            46.335740364622325
          ],
          [
            7.515780278015882,
            46.335740364622325
          ],
          [
            7.515730278100818,
            46.335740364622325
          ],
          [
            7.515680278185755,
            46.33575036469847
          ],
          [
            7.515630278270692,
            46.335760364774615
          ],
          [
            7.515610278118402,
            46.33577036485076
          ],
          [
            7.515570278279483,
            46.33578036446124
          ],
          [
            7.515520277898759,
            46.33579036453739
          ],
          [
            7.51546027790755,
            46.33580036461353
          ],
          [
            7.515390278305858,
            46.33580036461353
          ],
          [
            7.515340277925134,
            46.33580036461353
          ],
          [
            7.515280277933925,
            46.33579036453739
          ],
          [
            7.515210277866572,
            46.33577036485076
          ],
          [
            7.515170278027654,
            46.33575036469847
          ],
          [
            7.51512027811259,
            46.33573036454618
          ],
          [
            7.515070278197527,
            46.33569036470726
          ],
          [
            7.515030277892947,
            46.33567036455497
          ],
          [
            7.51493027806282,
            46.33561036456376
          ],
          [
            7.51476027816534,
            46.335530364420265
          ],
          [
            7.5147502780891955,
            46.33552036480978
          ],
          [
            7.514660277869552,
            46.33550036465749
          ],
          [
            7.514650277793407,
            46.33549036458135
          ],
          [
            7.5145702781155705,
            46.33547036442906
          ],
          [
            7.514510278124362,
            46.33546036435291
          ],
          [
            7.5144702778197825,
            46.33545036427677
          ],
          [
            7.514400277752429,
            46.33543036459014
          ],
          [
            7.514330277685076,
            46.33542036404833
          ],
          [
            7.514270277693868,
            46.33542036451399
          ],
          [
            7.514200277626514,
            46.33541036443785
          ],
          [
            7.514110277872533,
            46.33539036428556
          ],
          [
            7.513990277890116,
            46.33539036428556
          ],
          [
            7.513960277661681,
            46.33538036420941
          ],
          [
            7.513940277975053,
            46.33538036420941
          ],
          [
            7.5138402776792645,
            46.335340363904834
          ],
          [
            7.513520277570933,
            46.335260364227
          ],
          [
            7.51345027750358,
            46.33524036407471
          ],
          [
            7.513350277673453,
            46.33522036392242
          ],
          [
            7.513250277377665,
            46.33521036384627
          ],
          [
            7.513100277632475,
            46.335190364159644
          ],
          [
            7.5129502774216235,
            46.33521036431193
          ],
          [
            7.512910277582705,
            46.33521036431193
          ],
          [
            7.5128802778199315,
            46.33522036438808
          ],
          [
            7.512830277439207,
            46.33524036407471
          ],
          [
            7.5127702774479985,
            46.33527036383748
          ],
          [
            7.51271027745679,
            46.33533036429435
          ],
          [
            7.512700277380645,
            46.33535036398098
          ],
          [
            7.512690277770162,
            46.335360364057124
          ],
          [
            7.512680277694017,
            46.33540036389604
          ],
          [
            7.512670277617872,
            46.33543036412448
          ],
          [
            7.512630277313292,
            46.33555036410689
          ],
          [
            7.512550277169794,
            46.33565036393702
          ],
          [
            7.512510277330875,
            46.335700363852084
          ],
          [
            7.512400276958942,
            46.33582036336884
          ],
          [
            7.512310277204961,
            46.33588036336005
          ],
          [
            7.512260277289897,
            46.33590036351234
          ],
          [
            7.512200276833028,
            46.33591036358848
          ],
          [
            7.512190276756883,
            46.335920363198966
          ],
          [
            7.512170277070254,
            46.335920363198966
          ],
          [
            7.512140276841819,
            46.335940363351256
          ],
          [
            7.512130276765674,
            46.335940363351256
          ],
          [
            7.512060277163982,
            46.335960363503546
          ],
          [
            7.511910276953131,
            46.33599036326632
          ],
          [
            7.511810276657343,
            46.336000363342464
          ],
          [
            7.511670276522636,
            46.33603036310524
          ],
          [
            7.511590276379138,
            46.33604036271572
          ],
          [
            7.511590276379138,
            46.33604036271572
          ],
          [
            7.511560276616365,
            46.336050362791866
          ],
          [
            7.511470276396722,
            46.33606036286801
          ],
          [
            7.511410276405513,
            46.33608036255464
          ],
          [
            7.511290275957435,
            46.33612036239356
          ],
          [
            7.5112102762795985,
            46.3361303624697
          ],
          [
            7.511140276212245,
            46.33613036200404
          ],
          [
            7.511070276144892,
            46.33612036239356
          ],
          [
            7.511020276229829,
            46.33611036231741
          ],
          [
            7.511010276153684,
            46.33611036231741
          ],
          [
            7.510990276001394,
            46.33611036231741
          ],
          [
            7.51094027608633,
            46.33611036231741
          ],
          [
            7.510880276095122,
            46.33613036200404
          ],
          [
            7.510830275714397,
            46.33615036215633
          ],
          [
            7.510780275799334,
            46.33617036184296
          ],
          [
            7.510730275884271,
            46.33619036199525
          ],
          [
            7.510670275427401,
            46.33621036168188
          ],
          [
            7.5106502757407725,
            46.33621036168188
          ],
          [
            7.510570275597274,
            46.33622036175802
          ],
          [
            7.510520275682211,
            46.33622036175802
          ],
          [
            7.5103702754713595,
            46.33621036121622
          ],
          [
            7.510240274947137,
            46.33617036091164
          ],
          [
            7.5101502747274935,
            46.336150360293686
          ],
          [
            7.510090274270624,
            46.33614036021754
          ],
          [
            7.510070274118334,
            46.3361303601414
          ],
          [
            7.510060274042189,
            46.33612036006525
          ],
          [
            7.510030273813754,
            46.3361003594473
          ],
          [
            7.5100002735853195,
            46.336050359066576
          ],
          [
            7.509980272967368,
            46.336010358296335
          ],
          [
            7.509880272205919,
            46.335910357069224
          ],
          [
            7.509840271901339,
            46.33590035699308
          ],
          [
            7.509740271605551,
            46.33587035629898
          ],
          [
            7.509690271690488,
            46.33586035622284
          ],
          [
            7.509640271309763,
            46.33586035622284
          ],
          [
            7.50957027124241,
            46.33586035622284
          ],
          [
            7.509520271327347,
            46.33587035629898
          ],
          [
            7.509350270964205,
            46.335900355596095
          ],
          [
            7.509310271125287,
            46.335920355748385
          ],
          [
            7.509260270744562,
            46.335940355435014
          ],
          [
            7.509200270753354,
            46.335960355587304
          ],
          [
            7.509090270847082,
            46.33600035542622
          ],
          [
            7.5089702708646655,
            46.33606035541743
          ],
          [
            7.508940270636231,
            46.33606035495177
          ],
          [
            7.508900270797312,
            46.33608035510406
          ],
          [
            7.508750270586461,
            46.33615035517141
          ],
          [
            7.508650270290673,
            46.336200355086476
          ],
          [
            7.508640270214528,
            46.336200354620814
          ],
          [
            7.508640181273222,
            46.33620004123077
          ],
          [
            7.508521950338036,
            46.336164130829275
          ],
          [
            7.508402419742197,
            46.336127321235836
          ],
          [
            7.508284188341349,
            46.33609140943736
          ],
          [
            7.508164657279849,
            46.336054598446935
          ],
          [
            7.508046426810324,
            46.33601868711412
          ],
          [
            7.507893117610365,
            46.33597200270742
          ],
          [
            7.507891705259681,
            46.3358820467256
          ],
          [
            7.507890293374658,
            46.33579209120944
          ],
          [
            7.507888881023973,
            46.33570213569328
          ],
          [
            7.50788746913895,
            46.33561217971146
          ],
          [
            7.507884758524597,
            46.335522225126624
          ],
          [
            7.507880746386945,
            46.335430471692234
          ],
          [
            7.507880266755819,
            46.33543034968898
          ],
          [
            7.507870266679674,
            46.3354003499262
          ],
          [
            7.507870266679674,
            46.335380349773914
          ],
          [
            7.507890266366303,
            46.33533034939319
          ],
          [
            7.507890266366303,
            46.335320349317044
          ],
          [
            7.5079102660529315,
            46.335300349630415
          ],
          [
            7.5079202661290765,
            46.335280349478126
          ],
          [
            7.507930266205221,
            46.335240349173546
          ],
          [
            7.507950265426189,
            46.33519034879282
          ],
          [
            7.507960265502334,
            46.335160348098725
          ],
          [
            7.507970265112817,
            46.335140347946435
          ],
          [
            7.508010264951736,
            46.33509034756571
          ],
          [
            7.508020264562219,
            46.335080347489566
          ],
          [
            7.508030264638364,
            46.33505034726113
          ],
          [
            7.508020264562219,
            46.33498034719378
          ],
          [
            7.508020264562219,
            46.33494034735486
          ],
          [
            7.507990264333785,
            46.33486034721136
          ],
          [
            7.507990264333785,
            46.334830346982926
          ],
          [
            7.507990264333785,
            46.334810346830636
          ],
          [
            7.50798026425764,
            46.33478034706786
          ],
          [
            7.507940264418721,
            46.33469034684822
          ],
          [
            7.507940264418721,
            46.33460034662858
          ],
          [
            7.507920264266431,
            46.33454034663737
          ],
          [
            7.5078902640379965,
            46.33450034679845
          ],
          [
            7.507850264199078,
            46.334450346417725
          ],
          [
            7.507800263818353,
            46.33438034635037
          ],
          [
            7.507780264131725,
            46.3343503465876
          ],
          [
            7.50777026405558,
            46.33433034643531
          ],
          [
            7.50777026405558,
            46.33433034643531
          ],
          [
            7.5077902637422085,
            46.33429034613073
          ],
          [
            7.507800263818353,
            46.334240346215665
          ],
          [
            7.507810263894498,
            46.33420034637675
          ],
          [
            7.5077902637422085,
            46.33417034614831
          ],
          [
            7.507770263589919,
            46.334130346309394
          ],
          [
            7.507770263589919,
            46.33400034578517
          ],
          [
            7.507770263589919,
            46.33393034571782
          ],
          [
            7.507750263437629,
            46.333800345659256
          ],
          [
            7.507750263437629,
            46.333800345659256
          ],
          [
            7.507760263048112,
            46.33377034543082
          ],
          [
            7.507800262887031,
            46.33371034543961
          ],
          [
            7.507820263039321,
            46.33366034505889
          ],
          [
            7.507820263039321,
            46.33365034498274
          ],
          [
            7.507820263039321,
            46.333630345296115
          ],
          [
            7.507850262802094,
            46.33360034506768
          ],
          [
            7.507870262488723,
            46.33358034491539
          ],
          [
            7.507890262641013,
            46.3335603447631
          ],
          [
            7.507920262403786,
            46.33354034414515
          ],
          [
            7.507960262242705,
            46.333510343916714
          ],
          [
            7.507970261853188,
            46.33350034384057
          ],
          [
            7.507980261929333,
            46.333470343612134
          ],
          [
            7.508000261615962,
            46.333450343459845
          ],
          [
            7.508020261768252,
            46.3334403433837
          ],
          [
            7.5080402619205415,
            46.3334403433837
          ],
          [
            7.5081002614460886,
            46.33342034323141
          ],
          [
            7.508150261361152,
            46.33338034292683
          ],
          [
            7.508160261437297,
            46.333370342850685
          ],
          [
            7.50819026120007,
            46.33336034277454
          ],
          [
            7.508250261191279,
            46.333350342698395
          ],
          [
            7.508280260954052,
            46.333330342546105
          ],
          [
            7.508310260716826,
            46.33332034246996
          ],
          [
            7.508360260631889,
            46.333290342241526
          ],
          [
            7.5084002604708076,
            46.333270342089236
          ],
          [
            7.508430260699242,
            46.3332403418608
          ],
          [
            7.508450260385871,
            46.333230341784656
          ],
          [
            7.508460260462016,
            46.33322034170851
          ],
          [
            7.508500260300934,
            46.33312034141272
          ],
          [
            7.508510259911418,
            46.33310034126043
          ],
          [
            7.508510259911418,
            46.33297034120187
          ],
          [
            7.508510259911418,
            46.33295034104958
          ],
          [
            7.508490259759128,
            46.33292034082115
          ],
          [
            7.508480259682983,
            46.332910340745
          ],
          [
            7.508470259606838,
            46.332870340906084
          ],
          [
            7.508490259759128,
            46.332830340601504
          ],
          [
            7.508500259835273,
            46.33280034083873
          ],
          [
            7.508510259445757,
            46.33278034068644
          ],
          [
            7.5085402596741915,
            46.332750340458006
          ],
          [
            7.508670259267092,
            46.33266034023836
          ],
          [
            7.508700259029865,
            46.33260033978149
          ],
          [
            7.508700259029865,
            46.33257034001872
          ],
          [
            7.508700259029865,
            46.332560339942575
          ],
          [
            7.50869025895372,
            46.332540339790285
          ],
          [
            7.508680258877575,
            46.33253033971414
          ],
          [
            7.508630258962512,
            46.332480339799076
          ],
          [
            7.508600258734077,
            46.33243033941835
          ],
          [
            7.508580258581787,
            46.332360339351
          ],
          [
            7.508590258657932,
            46.33232033951208
          ],
          [
            7.508600258734077,
            46.3322803392075
          ],
          [
            7.508610258344561,
            46.33224033936858
          ],
          [
            7.508620258420706,
            46.332200339064
          ],
          [
            7.508660258259624,
            46.332160339225084
          ],
          [
            7.508680258411914,
            46.332140339072794
          ],
          [
            7.508700258564204,
            46.332080339081585
          ],
          [
            7.508700258098543,
            46.332020338624716
          ],
          [
            7.508700258098543,
            46.33195033855736
          ],
          [
            7.508700258098543,
            46.331910338718444
          ],
          [
            7.508690258022398,
            46.33186033833772
          ],
          [
            7.508650257717818,
            46.33176033850759
          ],
          [
            7.5086202579550445,
            46.331660338211805
          ],
          [
            7.508600257802755,
            46.33161033829674
          ],
          [
            7.50857025757432,
            46.33157033799216
          ],
          [
            7.508550257887691,
            46.33154033822939
          ],
          [
            7.508440257515758,
            46.331490338314325
          ],
          [
            7.508370257914066,
            46.3314403379336
          ],
          [
            7.508330257609487,
            46.33138033794239
          ],
          [
            7.508290257304907,
            46.33129033772275
          ],
          [
            7.508270257618278,
            46.33118033781648
          ],
          [
            7.5082402573898435,
            46.331070337444544
          ],
          [
            7.508210257161409,
            46.331010337453336
          ],
          [
            7.508110257331282,
            46.33096033753827
          ],
          [
            7.5079602571204305,
            46.330880337394774
          ],
          [
            7.507910257205367,
            46.330820337403566
          ],
          [
            7.507880256976932,
            46.33074033726007
          ],
          [
            7.5078402566723526,
            46.330590337049216
          ],
          [
            7.507830256596208,
            46.330460336990654
          ],
          [
            7.507830256596208,
            46.33035033661872
          ],
          [
            7.5078502567484975,
            46.330230336636305
          ],
          [
            7.507880256511271,
            46.330040336586535
          ],
          [
            7.507850256282836,
            46.32997033651918
          ],
          [
            7.5077402563765645,
            46.32978033600375
          ],
          [
            7.50771025614813,
            46.329700336325914
          ],
          [
            7.507700256071985,
            46.329660336021334
          ],
          [
            7.50769025599584,
            46.329620335716754
          ],
          [
            7.50769025599584,
            46.329580335877836
          ],
          [
            7.50769025599584,
            46.32953033596277
          ],
          [
            7.507700256071985,
            46.32950033573434
          ],
          [
            7.507720255758613,
            46.32949033565819
          ],
          [
            7.507730255834758,
            46.32945033535361
          ],
          [
            7.507720255758613,
            46.32943033520132
          ],
          [
            7.507719956804067,
            46.32943047070876
          ],
          [
            7.507656228728592,
            46.32935224659741
          ],
          [
            7.507592499256134,
            46.329273123294115
          ],
          [
            7.5075287711806595,
            46.32919489964843
          ],
          [
            7.507439030800015,
            46.329084306489676
          ],
          [
            7.507363622542471,
            46.32901148684323
          ],
          [
            7.507288213819265,
            46.32893776707351
          ],
          [
            7.507179003208876,
            46.328832583501935
          ],
          [
            7.507139939814806,
            46.32874714815989
          ],
          [
            7.5071008750237525,
            46.32866081269458
          ],
          [
            7.507063110359013,
            46.32857537595555
          ],
          [
            7.5070357685908675,
            46.32851781975478
          ],
          [
            7.50694868247956,
            46.32845130376518
          ],
          [
            7.5068615968339145,
            46.328384787309915
          ],
          [
            7.506774509791285,
            46.328317371197045
          ],
          [
            7.506671827752143,
            46.3282391699031
          ],
          [
            7.506622380577028,
            46.32815643912181
          ],
          [
            7.506571634672582,
            46.32807370880619
          ],
          [
            7.506502671632916,
            46.3279604036361
          ],
          [
            7.506433755625039,
            46.32788488082588
          ],
          [
            7.506363541353494,
            46.32780935894698
          ],
          [
            7.506293326150626,
            46.32773293694481
          ],
          [
            7.506223112344742,
            46.32765741460025
          ],
          [
            7.506152898538858,
            46.327581892255694
          ],
          [
            7.50608398206532,
            46.327505469322205
          ],
          [
            7.506013768725097,
            46.327429946977645
          ],
          [
            7.505943555850536,
            46.327354424633086
          ],
          [
            7.505873342975974,
            46.327278902288526
          ],
          [
            7.505779777653515,
            46.32722048508003
          ],
          [
            7.505780246574432,
            46.327220323029906
          ],
          [
            7.50578024610877,
            46.32721032295376
          ],
          [
            7.505770246032625,
            46.32717032264918
          ],
          [
            7.505750245880336,
            46.32715032296255
          ],
          [
            7.505720246117562,
            46.32712032273412
          ],
          [
            7.505720246117562,
            46.32710032258183
          ],
          [
            7.505640245508403,
            46.32706032227725
          ],
          [
            7.505600245669484,
            46.32704032212496
          ],
          [
            7.5055502452887595,
            46.32700032182038
          ],
          [
            7.505510245449841,
            46.32699032174423
          ],
          [
            7.505450245458633,
            46.32696032198146
          ],
          [
            7.505440245382488,
            46.326950321905315
          ],
          [
            7.505410245154053,
            46.32690032152459
          ],
          [
            7.50536024523899,
            46.32685032160953
          ],
          [
            7.505300245247781,
            46.32679032161832
          ],
          [
            7.5052602449432015,
            46.32675032131374
          ],
          [
            7.505220245104283,
            46.32673032162711
          ],
          [
            7.505120244808495,
            46.326700321398675
          ],
          [
            7.505080244969577,
            46.32669032132253
          ],
          [
            7.505040245130658,
            46.32669032132253
          ],
          [
            7.5049902447499335,
            46.32669032132253
          ],
          [
            7.504970245063305,
            46.32669032132253
          ],
          [
            7.504900244995952,
            46.32669032132253
          ],
          [
            7.504830244928598,
            46.32667032117024
          ],
          [
            7.504800244700164,
            46.32665032101795
          ],
          [
            7.50477024493739,
            46.32660032110289
          ],
          [
            7.50473024463281,
            46.32654032111168
          ],
          [
            7.504720244556665,
            46.3265003208071
          ],
          [
            7.5047102444805205,
            46.32648032065481
          ],
          [
            7.5047002444043756,
            46.32646032096818
          ],
          [
            7.5047002444043756,
            46.32644032081589
          ],
          [
            7.5047002444043756,
            46.3264203206636
          ],
          [
            7.504670244175941,
            46.32640032051131
          ],
          [
            7.504610244184732,
            46.32637032028288
          ],
          [
            7.504590244032443,
            46.32635032013059
          ],
          [
            7.504550243727863,
            46.32632031990215
          ],
          [
            7.5045002438127995,
            46.32629032013938
          ],
          [
            7.504460243973881,
            46.32626031991094
          ],
          [
            7.504420244134963,
            46.32627031998709
          ],
          [
            7.504370243754238,
            46.32621031953022
          ],
          [
            7.504340243525803,
            46.326180319301784
          ],
          [
            7.504330243449658,
            46.32617031922564
          ],
          [
            7.504320243373513,
            46.326160319149494
          ],
          [
            7.5042702429927886,
            46.326140318997204
          ],
          [
            7.50421024300158,
            46.32611031923443
          ],
          [
            7.504150243010372,
            46.326080319005996
          ],
          [
            7.504130243323743,
            46.32605031877756
          ],
          [
            7.504090243019164,
            46.32602031901479
          ],
          [
            7.504010242410004,
            46.32595031801611
          ],
          [
            7.503990242257714,
            46.32593031786382
          ],
          [
            7.503970242571086,
            46.32590031810105
          ],
          [
            7.503810242749751,
            46.32592031825334
          ],
          [
            7.503640242852271,
            46.325920318719
          ],
          [
            7.503450242802501,
            46.325910318642855
          ],
          [
            7.503250242676586,
            46.32581031834707
          ],
          [
            7.5031002424657345,
            46.32574031781405
          ],
          [
            7.503040242474526,
            46.32572031812742
          ],
          [
            7.502980242483318,
            46.32572031812742
          ],
          [
            7.502940242178738,
            46.32576031796634
          ],
          [
            7.502910241950303,
            46.325790317729115
          ],
          [
            7.502850241959095,
            46.32584031764418
          ],
          [
            7.502770241815597,
            46.32586031779647
          ],
          [
            7.50269024213776,
            46.325850317720324
          ],
          [
            7.502590241841972,
            46.32584031764418
          ],
          [
            7.502490241546184,
            46.32583031710237
          ],
          [
            7.502470241859555,
            46.32582031702623
          ],
          [
            7.502450241707265,
            46.3258003173396
          ],
          [
            7.502450241707265,
            46.325790317263454
          ],
          [
            7.5024302415549755,
            46.325770317111164
          ],
          [
            7.502410241402686,
            46.32576031703502
          ],
          [
            7.502350241411477,
            46.32576031703502
          ],
          [
            7.5023202411830425,
            46.325730316806585
          ],
          [
            7.502280241344124,
            46.32570031657815
          ],
          [
            7.502230241429061,
            46.325670316349715
          ],
          [
            7.502180241048336,
            46.3256303165108
          ],
          [
            7.502150240819901,
            46.32559031620622
          ],
          [
            7.502070240210742,
            46.325440315529704
          ],
          [
            7.501990239601582,
            46.325300314463675
          ],
          [
            7.501920239534229,
            46.32521031424403
          ],
          [
            7.501890239305794,
            46.32518031448126
          ],
          [
            7.501870239153504,
            46.325150314252824
          ],
          [
            7.501860239077359,
            46.32512031402439
          ],
          [
            7.5018502390012145,
            46.325090313795954
          ],
          [
            7.501830238848925,
            46.325070313643664
          ],
          [
            7.50176023831591,
            46.324950312729925
          ],
          [
            7.501720238476992,
            46.32491031289101
          ],
          [
            7.501660238020122,
            46.32485031243414
          ],
          [
            7.5016302382573485,
            46.32481031259522
          ],
          [
            7.501550237648189,
            46.324660311918706
          ],
          [
            7.501530237495899,
            46.32463031169027
          ],
          [
            7.501500237733126,
            46.32461031200364
          ],
          [
            7.501480237580836,
            46.32458031177521
          ],
          [
            7.501470237504691,
            46.32455031154677
          ],
          [
            7.501450237352401,
            46.32442031102255
          ],
          [
            7.501450237352401,
            46.32434031134471
          ],
          [
            7.501450237352401,
            46.32430031104013
          ],
          [
            7.501440237276256,
            46.32427031127736
          ],
          [
            7.501420237123966,
            46.32423031097278
          ],
          [
            7.501400236971676,
            46.32419031113386
          ],
          [
            7.501370237208903,
            46.32412031106651
          ],
          [
            7.501360237132758,
            46.32408031076193
          ],
          [
            7.501330236904323,
            46.32404031092301
          ],
          [
            7.50130023714155,
            46.32400031108409
          ],
          [
            7.50126023683697,
            46.32394031062722
          ],
          [
            7.501230236608535,
            46.32391031039879
          ],
          [
            7.5011002365499735,
            46.323820310179144
          ],
          [
            7.500970236025751,
            46.323760309722275
          ],
          [
            7.500890235416591,
            46.32371030934155
          ],
          [
            7.500860235653818,
            46.323680309113115
          ],
          [
            7.500830235425383,
            46.32365030888468
          ],
          [
            7.500810235273093,
            46.323620308656245
          ],
          [
            7.500800234731287,
            46.32357030827552
          ],
          [
            7.500790234655142,
            46.32352030836046
          ],
          [
            7.500800234731287,
            46.32346030790359
          ],
          [
            7.500790234655142,
            46.3233603076078
          ],
          [
            7.500770234502852,
            46.32332030776888
          ],
          [
            7.500750234350562,
            46.3232803074643
          ],
          [
            7.500750041101128,
            46.32328051701188
          ],
          [
            7.500812276266515,
            46.32320132199675
          ],
          [
            7.500874511431903,
            46.323122126515955
          ],
          [
            7.500962676946074,
            46.32300963299349
          ],
          [
            7.501027510501444,
            46.322932235430926
          ],
          [
            7.501093642320484,
            46.32285483693704
          ],
          [
            7.501159773673862,
            46.322777438443154
          ],
          [
            7.5012220134958625,
            46.32270363997668
          ],
          [
            7.501275155693293,
            46.32262175064534
          ],
          [
            7.5013295956887305,
            46.322539860382676
          ],
          [
            7.501384035684168,
            46.322457970585674
          ],
          [
            7.501429400872439,
            46.3223886792548
          ],
          [
            7.501556628383696,
            46.32237421674654
          ],
          [
            7.501685154158622,
            46.322359752841294
          ],
          [
            7.501813679467887,
            46.32234528847039
          ],
          [
            7.501987642142922,
            46.32232540147379
          ],
          [
            7.502082355320454,
            46.32226417865604
          ],
          [
            7.502178366295993,
            46.32220295444131
          ],
          [
            7.5023249769583344,
            46.32210931787267
          ],
          [
            7.502439185976982,
            46.32206607516855
          ],
          [
            7.502552095800638,
            46.32202283246443
          ],
          [
            7.502666304353625,
            46.32197958929464
          ],
          [
            7.502753259148449,
            46.32194715598598
          ],
          [
            7.502845370210707,
            46.321883235126734
          ],
          [
            7.502936183940619,
            46.32182021392509
          ],
          [
            7.503064619842917,
            46.321731084026396
          ],
          [
            7.503077499568462,
            46.3216420202516
          ],
          [
            7.503090378362685,
            46.3215520568192
          ],
          [
            7.50310325762257,
            46.321462992578745
          ],
          [
            7.503114837687463,
            46.32137302914634
          ],
          [
            7.503127716947347,
            46.32128396490589
          ],
          [
            7.503140626009554,
            46.321220088750124
          ],
          [
            7.503140225075185,
            46.321220295038074
          ],
          [
            7.503130224533379,
            46.32117029465735
          ],
          [
            7.503120224457234,
            46.321100294124335
          ],
          [
            7.503050224389881,
            46.32097029406577
          ],
          [
            7.503010224085301,
            46.320910293608904
          ],
          [
            7.502970223780721,
            46.32084029354155
          ],
          [
            7.502930223941803,
            46.32080029323697
          ],
          [
            7.502910223789513,
            46.32074029324576
          ],
          [
            7.502880223095417,
            46.32068029278889
          ],
          [
            7.5028502233326435,
            46.32063029240817
          ],
          [
            7.502790222875774,
            46.320560292340815
          ],
          [
            7.5027402229607105,
            46.32050029234961
          ],
          [
            7.502690222579986,
            46.32045029196888
          ],
          [
            7.5026302225887775,
            46.320350292138755
          ],
          [
            7.502600222826004,
            46.32029029214755
          ],
          [
            7.502540222834796,
            46.320220292080194
          ],
          [
            7.5024702227674425,
            46.32011029170826
          ],
          [
            7.502400222700089,
            46.32002029195428
          ],
          [
            7.502280222252011,
            46.319910291582346
          ],
          [
            7.502230222336948,
            46.31986029166728
          ],
          [
            7.502220222260803,
            46.31984029151499
          ],
          [
            7.502200222108513,
            46.319800291676074
          ],
          [
            7.5021802224218845,
            46.31977029144764
          ],
          [
            7.502160222269595,
            46.31975029129535
          ],
          [
            7.50215022219345,
            46.319720291532576
          ],
          [
            7.502160222269595,
            46.319700291380286
          ],
          [
            7.50217022234574,
            46.31965029146522
          ],
          [
            7.50217022234574,
            46.31962029123679
          ],
          [
            7.50215022219345,
            46.319570291321725
          ],
          [
            7.50211022188887,
            46.319530291017145
          ],
          [
            7.5020702220499516,
            46.31950029125437
          ],
          [
            7.502060221973807,
            46.31946029094979
          ],
          [
            7.502050221897662,
            46.3193102912046
          ],
          [
            7.502060221973807,
            46.31926029082388
          ],
          [
            7.50209022173658,
            46.31922029098496
          ],
          [
            7.50213022204116,
            46.319190290756524
          ],
          [
            7.5021502217277884,
            46.319170290604234
          ],
          [
            7.502170221880078,
            46.31914029084146
          ],
          [
            7.502190221566707,
            46.31903029046953
          ],
          [
            7.502190221566707,
            46.318960290402174
          ],
          [
            7.502180221490562,
            46.318900290410966
          ],
          [
            7.502180221490562,
            46.31884029041976
          ],
          [
            7.502190221566707,
            46.318790290504694
          ],
          [
            7.502190221566707,
            46.31876029027626
          ],
          [
            7.502200221642852,
            46.318730290513486
          ],
          [
            7.502180221490562,
            46.31868029059842
          ],
          [
            7.502190221566707,
            46.31865029036999
          ],
          [
            7.502250221557915,
            46.318540290463716
          ],
          [
            7.502260221168399,
            46.31847029039636
          ],
          [
            7.502280221320689,
            46.31842029001564
          ],
          [
            7.50239022122696,
            46.3182602901943
          ],
          [
            7.502400221303105,
            46.31819029012695
          ],
          [
            7.502400221303105,
            46.31813029013574
          ],
          [
            7.5023802211508155,
            46.31806029006839
          ],
          [
            7.502330221235752,
            46.31794028962031
          ],
          [
            7.502290220931172,
            46.31786028994247
          ],
          [
            7.502280220855027,
            46.31782028963789
          ],
          [
            7.502230220939964,
            46.31773028988391
          ],
          [
            7.502220220863819,
            46.31770028965548
          ],
          [
            7.502230220939964,
            46.31766028981656
          ],
          [
            7.502260221168399,
            46.317610289435834
          ],
          [
            7.502320221159607,
            46.31756028952077
          ],
          [
            7.502340220846236,
            46.31754028983414
          ],
          [
            7.502390220761299,
            46.31746028922498
          ],
          [
            7.502380220685154,
            46.31743028899655
          ],
          [
            7.502360220532864,
            46.317380289081484
          ],
          [
            7.5022702207788825,
            46.31733028916642
          ],
          [
            7.502190220635384,
            46.31726028909907
          ],
          [
            7.502130220644176,
            46.317190289031714
          ],
          [
            7.502120220568031,
            46.31709028920159
          ],
          [
            7.502110220491886,
            46.31702028866857
          ],
          [
            7.5020602201111615,
            46.31697028875351
          ],
          [
            7.502020220272243,
            46.3169102887623
          ],
          [
            7.501920219976455,
            46.31684028869495
          ],
          [
            7.501810220070183,
            46.316790288779885
          ],
          [
            7.501690220087767,
            46.31674028839916
          ],
          [
            7.501540219876915,
            46.31670028856024
          ],
          [
            7.50136021990329,
            46.31667028833181
          ],
          [
            7.501180219929665,
            46.31667028833181
          ],
          [
            7.501090219710022,
            46.31666028825566
          ],
          [
            7.500950219575316,
            46.31662028795108
          ],
          [
            7.500560219399631,
            46.31655028788373
          ],
          [
            7.500390219502151,
            46.31653028773144
          ],
          [
            7.500390593893826,
            46.31653037434444
          ],
          [
            7.500263342633843,
            46.316511551849544
          ],
          [
            7.500136092305183,
            46.31649362901226
          ],
          [
            7.500008841510862,
            46.31647480651736
          ],
          [
            7.499881591182202,
            46.31645688274875
          ],
          [
            7.499754341319203,
            46.316438959445804
          ],
          [
            7.499627090524882,
            46.31642013601959
          ],
          [
            7.499501138925552,
            46.31640221178532
          ],
          [
            7.499394664540887,
            46.316386975347996
          ]
        ]
      }
    }
  ]
}