{
  "type": "FeatureCollection",
  "features": [
    {
      "type": "Feature",
      "properties": {
        "id": "760c218dd03c4ca7bbbf0435d031450e",
        "name": "Segment 001",
        "order": 1,
        "structure_type": "mixed",
        "structure_types": [
          "abandoned",
          "canalized"
        ],
        "display_mode": "bicolor",
        "bicolor_colors": [
          "#ef6c00",
          "#111111"
        ],
        "water_status": "unknown",
        "continuous": true
      },
      "geometry": {
        "type": "LineString",
        "coordinates": [
          [
            7.424290114082396,
            46.27396014844999
          ],
          [
            7.424170113634318,
            46.273810148239136
          ],
          [
            7.424070113804191,
            46.273740148637444
          ],
          [
            7.424020113889128,
            46.273720148485154
          ],
          [
            7.423950113821775,
            46.273680148646235
          ],
          [
            7.423800114076585,
            46.27358014835045
          ],
          [
            7.423670114018023,
            46.273510148748755
          ],
          [
            7.423650113865733,
            46.27348014898598
          ],
          [
            7.423630113713443,
            46.27343014860526
          ],
          [
            7.423610113561153,
            46.27338014822453
          ],
          [
            7.423740113619715,
            46.273170148488134
          ],
          [
            7.423780113458633,
            46.273130148183554
          ],
          [
            7.423790113534778,
            46.273110148496926
          ],
          [
            7.423790113534778,
            46.27304014842957
          ],
          [
            7.423790113534778,
            46.27299014851451
          ],
          [
            7.423820113763213,
            46.27289014821872
          ],
          [
            7.423830113839358,
            46.27286014845595
          ],
          [
            7.423820113763213,
            46.27282014815137
          ],
          [
            7.423790113534778,
            46.27278014831245
          ],
          [
            7.423740113619715,
            46.272730148397386
          ],
          [
            7.4237001137807965,
            46.27268014848232
          ],
          [
            7.423670113552362,
            46.27266014833003
          ],
          [
            7.423610113561153,
            46.27263014856726
          ],
          [
            7.4235301138833165,
            46.27261014841497
          ],
          [
            7.423400113824755,
            46.272540148347616
          ],
          [
            7.423350113909692,
            46.2725001485087
          ],
          [
            7.4232601136900485,
            46.27247014828026
          ],
          [
            7.423190113622695,
            46.27244014851749
          ],
          [
            7.423110113944858,
            46.27240014821291
          ],
          [
            7.423040113877505,
            46.272370148450136
          ],
          [
            7.422950113657862,
            46.27234014868736
          ],
          [
            7.422900113742799,
            46.27231014845893
          ],
          [
            7.422800113912672,
            46.272260148543864
          ],
          [
            7.422760114073753,
            46.27223014878109
          ],
          [
            7.4227301138453186,
            46.272200148552656
          ],
          [
            7.422710113693029,
            46.27216014871374
          ],
          [
            7.422720113769174,
            46.27210014825687
          ],
          [
            7.422710113693029,
            46.27208014810458
          ],
          [
            7.422690113540739,
            46.27204014826566
          ],
          [
            7.422640113625675,
            46.271990148350596
          ],
          [
            7.422610113397241,
            46.27194014843553
          ],
          [
            7.422600113786757,
            46.27192014828324
          ],
          [
            7.422600113786757,
            46.271840148139745
          ],
          [
            7.422590113710612,
            46.27179014822468
          ],
          [
            7.422580113634467,
            46.27177014807239
          ],
          [
            7.422560113482177,
            46.27175014838576
          ],
          [
            7.422520113643259,
            46.27172014815733
          ],
          [
            7.422500113490969,
            46.271690147928894
          ],
          [
            7.422480113338679,
            46.271670148242265
          ],
          [
            7.422480113338679,
            46.271630147937685
          ],
          [
            7.422470113262534,
            46.27160014817491
          ],
          [
            7.422440113499761,
            46.27157014794648
          ],
          [
            7.4223601133562624,
            46.27149014826864
          ],
          [
            7.422300113365054,
            46.27143014827743
          ],
          [
            7.4222801136784256,
            46.27139014797285
          ],
          [
            7.422240113373846,
            46.27135014813393
          ],
          [
            7.422220113687217,
            46.271330147981644
          ],
          [
            7.422210113611072,
            46.27130014821887
          ],
          [
            7.422190113458782,
            46.27126014791429
          ],
          [
            7.422150113619864,
            46.27124014822766
          ],
          [
            7.422110113315284,
            46.27122014807537
          ],
          [
            7.422060113400221,
            46.27119014784694
          ],
          [
            7.422040113247931,
            46.27118014777079
          ],
          [
            7.422020113561302,
            46.271160148084164
          ],
          [
            7.421930113341659,
            46.27113014785573
          ],
          [
            7.421900113578886,
            46.2711101481691
          ],
          [
            7.421860113274306,
            46.27109014801681
          ],
          [
            7.421800113283098,
            46.2710301480256
          ],
          [
            7.421790113672614,
            46.27100014826283
          ],
          [
            7.421690113376826,
            46.270930148195475
          ],
          [
            7.421670113224536,
            46.270910148043185
          ],
          [
            7.421670113224536,
            46.270910148043185
          ],
          [
            7.421650113537908,
            46.270890147890896
          ],
          [
            7.421620113309473,
            46.27085014805198
          ],
          [
            7.421590113546699,
            46.27084014797583
          ],
          [
            7.421510113403201,
            46.27079014806077
          ],
          [
            7.421490113250911,
            46.270780147984624
          ],
          [
            7.4213901134207845,
            46.2706801481545
          ],
          [
            7.421350113581866,
            46.270610148087144
          ],
          [
            7.421320113353431,
            46.270570148248225
          ],
          [
            7.421280113514513,
            46.270530147943646
          ],
          [
            7.421250113286078,
            46.27047014795244
          ],
          [
            7.4212101134471595,
            46.27043014811352
          ],
          [
            7.42119011329487,
            46.27039014780894
          ],
          [
            7.421160113532096,
            46.27033014781773
          ],
          [
            7.421140113379806,
            46.27029014797881
          ],
          [
            7.421120113227516,
            46.27027014782652
          ],
          [
            7.4210401135496795,
            46.270150147844106
          ],
          [
            7.421030113473535,
            46.27012014808133
          ],
          [
            7.421030113473535,
            46.27008014777675
          ],
          [
            7.421010113321245,
            46.2700101477094
          ],
          [
            7.420990113168955,
            46.269980147946626
          ],
          [
            7.420960113406181,
            46.269940147642046
          ],
          [
            7.4209401132538915,
            46.26990014780313
          ],
          [
            7.420920113567263,
            46.269850147888064
          ],
          [
            7.420910113491118,
            46.26982014812529
          ],
          [
            7.4209301131777465,
            46.269770147744566
          ],
          [
            7.420920113101602,
            46.26975014805794
          ],
          [
            7.420900113414973,
            46.26974014798179
          ],
          [
            7.420900113414973,
            46.2697201478295
          ],
          [
            7.420880113262683,
            46.26969014806673
          ],
          [
            7.420860113576055,
            46.26963014807552
          ],
          [
            7.42085011349991,
            46.269620147999376
          ],
          [
            7.420840113423765,
            46.269600147847086
          ],
          [
            7.420840113423765,
            46.269580147694796
          ],
          [
            7.42085011349991,
            46.26955014793202
          ],
          [
            7.42083011334762,
            46.26954014785588
          ],
          [
            7.420800113584846,
            46.26953014777973
          ],
          [
            7.420750113204122,
            46.26953014777973
          ]
        ]
      }
    },
    {
      "type": "Feature",
      "properties": {
        "id": "f661a8d3059c4478bf8eaa6bce9a300e",
        "name": "Segment 002",
        "order": 2,
        "structure_type": "open",
        "structure_types": [
          "open"
        ],
        "display_mode": "single",
        "bicolor_colors": [],
        "water_status": "unknown",
        "continuous": true
      },
      "geometry": {
        "type": "LineString",
        "coordinates": [
          [
            7.420750113204122,
            46.26953014777973
          ],
          [
            7.420720113441348,
            46.26953014777973
          ],
          [
            7.420670113060623,
            46.26954014785588
          ],
          [
            7.4206001134589314,
            46.26955014793202
          ],
          [
            7.42045011324808,
            46.26956014754251
          ],
          [
            7.420300113037229,
            46.269580147694796
          ],
          [
            7.4201401132158935,
            46.269580147694796
          ],
          [
            7.420020113233477,
            46.269580147694796
          ],
          [
            7.419950113166124,
            46.269580147694796
          ],
          [
            7.419820113107562,
            46.26959014777094
          ],
          [
            7.419740113429725,
            46.269600147847086
          ],
          [
            7.4196901130490005,
            46.26961014792323
          ],
          [
            7.419630113057792,
            46.26963014760986
          ],
          [
            7.419580113142729,
            46.26963014760986
          ],
          [
            7.419530113227665,
            46.26961014792323
          ],
          [
            7.419470113236457,
            46.269600147847086
          ],
          [
            7.4193501132540405,
            46.26957014761865
          ],
          [
            7.419160113204271,
            46.26953014777973
          ],
          [
            7.419080113060772,
            46.26952014770359
          ],
          [
            7.419040113221854,
            46.26951014762744
          ],
          [
            7.418960113078356,
            46.26949014747515
          ],
          [
            7.4188901130110025,
            46.26946014771238
          ],
          [
            7.418760112952441,
            46.269410147797316
          ],
          [
            7.418700112961233,
            46.26936014741659
          ],
          [
            7.418680113274604,
            46.26935014734045
          ],
          [
            7.418630112893879,
            46.26933014765382
          ],
          [
            7.418560112826526,
            46.26933014765382
          ],
          [
            7.418520112987608,
            46.26931014750153
          ],
          [
            7.418490113224834,
            46.269280147738755
          ],
          [
            7.418440113309771,
            46.269220147747546
          ],
          [
            7.418440113309771,
            46.2692101476714
          ],
          [
            7.418430113233626,
            46.2692101476714
          ],
          [
            7.418370113242418,
            46.26916014775634
          ],
          [
            7.418330112937838,
            46.26912014745176
          ],
          [
            7.418240113183856,
            46.269070147536695
          ],
          [
            7.4181101131252944,
            46.26900014746934
          ],
          [
            7.417990113142878,
            46.26893014740199
          ],
          [
            7.41791011299938,
            46.268900147639215
          ],
          [
            7.417750113178045,
            46.26884014764801
          ],
          [
            7.417650113347918,
            46.26880014780909
          ],
          [
            7.4175901133567095,
            46.26876014797017
          ],
          [
            7.417530113365501,
            46.26870014797896
          ],
          [
            7.4174801129847765,
            46.26865014759824
          ],
          [
            7.417420112993568,
            46.26861014775932
          ],
          [
            7.41736011300236,
            46.26855014776811
          ],
          [
            7.4173101130872965,
            46.26850014785305
          ],
          [
            7.417290112935007,
            46.26846014754847
          ],
          [
            7.417240113019943,
            46.26840014755726
          ],
          [
            7.417230112943798,
            46.268370147794485
          ],
          [
            7.417230112943798,
            46.26825014781207
          ],
          [
            7.417220113333315,
            46.26821014750749
          ],
          [
            7.4171501128003,
            46.268010147381574
          ],
          [
            7.417100112885237,
            46.267930147238076
          ],
          [
            7.417050112970173,
            46.2679001474753
          ],
          [
            7.416990112978965,
            46.26786014717072
          ],
          [
            7.416930112987757,
            46.26785014756024
          ],
          [
            7.416880113072693,
            46.267840147484094
          ],
          [
            7.416740112937987,
            46.267840147484094
          ],
          [
            7.416640112642199,
            46.267840147484094
          ],
          [
            7.4164301129058,
            46.26783014740795
          ],
          [
            7.416350112762302,
            46.267820147331804
          ],
          [
            7.4162401128560305,
            46.267820147331804
          ],
          [
            7.4157901126891375,
            46.26788014732301
          ],
          [
            7.415660112630576,
            46.26788014732301
          ],
          [
            7.4156101127155125,
            46.26787014724687
          ],
          [
            7.415550112724304,
            46.26786014717072
          ],
          [
            7.415500112809241,
            46.26784014701843
          ],
          [
            7.415450112894177,
            46.26782014686614
          ],
          [
            7.415170112624764,
            46.267590146977454
          ],
          [
            7.41514011239633,
            46.267570146825165
          ],
          [
            7.415100112557411,
            46.267550147138536
          ],
          [
            7.415100112557411,
            46.267550147138536
          ],
          [
            7.415050112642348,
            46.267550147138536
          ],
          [
            7.4149901126511395,
            46.267550147138536
          ],
          [
            7.41495011234656,
            46.267530146986246
          ],
          [
            7.414680112618953,
            46.2674401467666
          ],
          [
            7.4146101125516,
            46.26741014700383
          ],
          [
            7.414530112408102,
            46.267360146623105
          ],
          [
            7.414480112493038,
            46.267320146784186
          ],
          [
            7.414340112358332,
            46.267210146877915
          ],
          [
            7.414170112460852,
            46.26707014674321
          ],
          [
            7.413990112487227,
            46.26695014676079
          ],
          [
            7.413880112115294,
            46.26692014653236
          ],
          [
            7.413820112124085,
            46.26689014676958
          ],
          [
            7.413760112132877,
            46.26687014661729
          ],
          [
            7.413690112065524,
            46.26684014638886
          ],
          [
            7.413480112329125,
            46.26676014671102
          ],
          [
            7.413380112033337,
            46.26672014640644
          ],
          [
            7.413240112364292,
            46.26668014656752
          ],
          [
            7.413100112229586,
            46.26665014633909
          ],
          [
            7.412980112247169,
            46.266620146576315
          ],
          [
            7.412900112103671,
            46.26661014650017
          ],
          [
            7.412800112273544,
            46.26661014650017
          ],
          [
            7.412700111977756,
            46.2666301461868
          ],
          [
            7.4126701122149825,
            46.26665014633909
          ],
          [
            7.412510111927986,
            46.26673014648259
          ],
          [
            7.412450111936778,
            46.26674014655873
          ],
          [
            7.412180112209171,
            46.266810146626085
          ],
          [
            7.412170112133026,
            46.26680014654994
          ],
          [
            7.412170112133026,
            46.26680014654994
          ],
          [
            7.412170112133026,
            46.26680014654994
          ],
          [
            7.412100112065673,
            46.26673014648259
          ],
          [
            7.4120501121506095,
            46.26668014656752
          ],
          [
            7.412090112455189,
            46.26661014696583
          ],
          [
            7.412100112531334,
            46.2665801467374
          ],
          [
            7.412100112531334,
            46.26656014658511
          ],
          [
            7.412100112531334,
            46.26648014690727
          ],
          [
            7.412090112455189,
            46.26641014683992
          ],
          [
            7.412070112302899,
            46.26637014653534
          ],
          [
            7.412040112540126,
            46.266300146933645
          ],
          [
            7.411990112159401,
            46.26624014694244
          ],
          [
            7.411920112557709,
            46.26619014702737
          ],
          [
            7.411870112642646,
            46.266130147036165
          ],
          [
            7.411860112566501,
            46.26610014727339
          ],
          [
            7.4118201127275825,
            46.26591014722362
          ],
          [
            7.411780112423003,
            46.265790147241205
          ],
          [
            7.411780112423003,
            46.265750146936625
          ],
          [
            7.411800112575293,
            46.26570014702156
          ],
          [
            7.411850112490356,
            46.26564014703035
          ],
          [
            7.411920112557709,
            46.265560146886855
          ],
          [
            7.412040112074465,
            46.26547014666721
          ],
          [
            7.411990112159401,
            46.265410146676004
          ],
          [
            7.411940112244338,
            46.265390146523714
          ],
          [
            7.4118801122531295,
            46.265370146371424
          ],
          [
            7.411820112261921,
            46.265370146371424
          ],
          [
            7.411780111957341,
            46.265370146371424
          ],
          [
            7.411730112042278,
            46.26538014644757
          ],
          [
            7.41169011220336,
            46.26540014659986
          ],
          [
            7.411640112288296,
            46.26543014636263
          ],
          [
            7.411580112297088,
            46.26547014620155
          ],
          [
            7.411530111916363,
            46.26549014635384
          ],
          [
            7.411470111925155,
            46.26551014650613
          ],
          [
            7.411270112264901,
            46.26553014619276
          ],
          [
            7.41112011205405,
            46.26553014619276
          ],
          [
            7.410940112080425,
            46.26551014650613
          ],
          [
            7.410830112174153,
            46.26549014635384
          ],
          [
            7.410690112039447,
            46.26544014643878
          ],
          [
            7.41055011190474,
            46.265390146523714
          ],
          [
            7.410490111913532,
            46.26536014629528
          ],
          [
            7.4104601121507585,
            46.26534014614299
          ],
          [
            7.41040011215955,
            46.26532014645636
          ],
          [
            7.410330112092197,
            46.26528014615178
          ],
          [
            7.410260112024844,
            46.26523014623672
          ],
          [
            7.410200112033635,
            46.265200146473944
          ],
          [
            7.410140112042427,
            46.26517014624551
          ],
          [
            7.410090112127364,
            46.26515014609322
          ],
          [
            7.4100101119838655,
            46.26513014640659
          ],
          [
            7.409950111992657,
            46.265120146330446
          ],
          [
            7.409900112077594,
            46.265120146330446
          ],
          [
            7.409860111773014,
            46.265120146330446
          ],
          [
            7.4098301120102406,
            46.26513014640659
          ],
          [
            7.409800111781806,
            46.265140146017075
          ],
          [
            7.409770112019032,
            46.26517014624551
          ],
          [
            7.409740111790597,
            46.2651901463978
          ],
          [
            7.409620111808181,
            46.265310146380216
          ],
          [
            7.409590112045407,
            46.26534014614299
          ],
          [
            7.409590112045407,
            46.26536014629528
          ],
          [
            7.409580111969262,
            46.2654001461342
          ],
          [
            7.409570111893117,
            46.265500145964324
          ],
          [
            7.409570111893117,
            46.26561014633626
          ],
          [
            7.409570111893117,
            46.265670146327466
          ],
          [
            7.409570111893117,
            46.26574014639482
          ],
          [
            7.409550111740828,
            46.26581014599651
          ],
          [
            7.409520111978054,
            46.265860145911574
          ],
          [
            7.409480111673474,
            46.2659101462923
          ],
          [
            7.4093901119194925,
            46.266070146113634
          ],
          [
            7.409350111614913,
            46.26610014634207
          ],
          [
            7.409310111775994,
            46.26614014618099
          ],
          [
            7.409140111878514,
            46.266220145858824
          ],
          [
            7.409140111878514,
            46.266220145858824
          ],
          [
            7.409140111878514,
            46.266220145858824
          ],
          [
            7.409140111878514,
            46.266220145858824
          ],
          [
            7.409070111811161,
            46.26625014608726
          ],
          [
            7.409010111819953,
            46.266260146163404
          ],
          [
            7.40892011160031,
            46.26625014608726
          ],
          [
            7.408880111761391,
            46.266260146163404
          ],
          [
            7.408820112235844,
            46.26629014639184
          ],
          [
            7.408790112007409,
            46.26631014654413
          ],
          [
            7.408630112186074,
            46.266320146620274
          ],
          [
            7.40858011180535,
            46.26632014615461
          ],
          [
            7.4084901115857065,
            46.2663401463069
          ],
          [
            7.40837011160329,
            46.266350145917386
          ],
          [
            7.408290111925453,
            46.266350145917386
          ],
          [
            7.408270111773163,
            46.266350145917386
          ],
          [
            7.408090111799538,
            46.266240146011114
          ],
          [
            7.407920111436397,
            46.26615014579147
          ],
          [
            7.4078701115213335,
            46.2661201460287
          ],
          [
            7.40780011145398,
            46.26608014572412
          ],
          [
            7.407720111776143,
            46.266050145961344
          ],
          [
            7.40767011186108,
            46.266010146122426
          ],
          [
            7.407600111793727,
            46.26596014620736
          ],
          [
            7.407580111641437,
            46.26593014597893
          ],
          [
            7.407510112039745,
            46.265840146224946
          ],
          [
            7.4074601121246815,
            46.265730146318674
          ],
          [
            7.407420111820102,
            46.26566014625132
          ],
          [
            7.407370111905038,
            46.26557014603168
          ],
          [
            7.4073401116766036,
            46.26553014619276
          ],
          [
            7.407280111685395,
            46.26547014620155
          ],
          [
            7.407190111931413,
            46.26543014636263
          ],
          [
            7.40714011201635,
            46.26538014644757
          ],
          [
            7.407080112025142,
            46.265350146684796
          ],
          [
            7.4070101119577885,
            46.265310146380216
          ],
          [
            7.406960112042725,
            46.26525014638901
          ],
          [
            7.406910111662,
            46.26519014593214
          ],
          [
            7.406880111433566,
            46.26513014594093
          ],
          [
            7.406850111670792,
            46.26511014578864
          ],
          [
            7.406810111831874,
            46.26507014594972
          ],
          [
            7.406760111451149,
            46.26501014595851
          ],
          [
            7.4067201116122305,
            46.26494014589116
          ],
          [
            7.406630111392587,
            46.26483014551923
          ],
          [
            7.406610111705959,
            46.26479014568031
          ],
          [
            7.406590111553669,
            46.26475014584139
          ],
          [
            7.406570111401379,
            46.26470014592633
          ],
          [
            7.406570111401379,
            46.26467014569789
          ],
          [
            7.406570111401379,
            46.26460014563054
          ],
          [
            7.406590111553669,
            46.26458014594391
          ],
          [
            7.406630111392587,
            46.264550145715475
          ],
          [
            7.406660111621022,
            46.2645201459527
          ],
          [
            7.406700111459941,
            46.26450014580041
          ],
          [
            7.40674011176452,
            46.26448014564812
          ],
          [
            7.406770111527294,
            46.26447014557198
          ],
          [
            7.406860111746937,
            46.26439014589414
          ],
          [
            7.4068901115097106,
            46.26435014605522
          ],
          [
            7.406960111577064,
            46.264190145768225
          ],
          [
            7.406980111729354,
            46.26414014585316
          ],
          [
            7.407010111492127,
            46.26410014554858
          ],
          [
            7.40708011155948,
            46.264020145870745
          ],
          [
            7.407110111322254,
            46.26399014564231
          ],
          [
            7.407120111398399,
            46.26397014595568
          ],
          [
            7.407140111550689,
            46.26391014596447
          ],
          [
            7.407150111626834,
            46.26384014589712
          ],
          [
            7.407170111313462,
            46.26376014575362
          ],
          [
            7.407170111313462,
            46.263720145914704
          ],
          [
            7.407160111702979,
            46.263660145923495
          ],
          [
            7.407140111550689,
            46.263640145771205
          ],
          [
            7.407100111246109,
            46.26361014554277
          ],
          [
            7.407050111331046,
            46.26361014554277
          ],
          [
            7.407000111415982,
            46.263600145466626
          ],
          [
            7.406940111424774,
            46.26361014554277
          ],
          [
            7.406860111281276,
            46.263640145305544
          ],
          [
            7.406830111518502,
            46.263620145618916
          ],
          [
            7.406530111562461,
            46.26374014606699
          ],
          [
            7.406530111562461,
            46.26374014606699
          ],
          [
            7.406410111580044,
            46.26373014599085
          ],
          [
            7.406080111395568,
            46.26373014552519
          ],
          [
            7.405980111565441,
            46.26372014544904
          ],
          [
            7.405900111421943,
            46.26370014529675
          ],
          [
            7.405870111193508,
            46.26369014568627
          ],
          [
            7.405850111506879,
            46.26369014568627
          ],
          [
            7.405840111430734,
            46.26369014568627
          ],
          [
            7.405770111363381,
            46.26359014539048
          ],
          [
            7.4057201109826565,
            46.26352014532313
          ],
          [
            7.4057101109065115,
            46.2633401453495
          ],
          [
            7.4057101109065115,
            46.26329014496878
          ],
          [
            7.405690111219883,
            46.26323014497757
          ],
          [
            7.405690111219883,
            46.26323014497757
          ],
          [
            7.405660110991448,
            46.26314014522359
          ],
          [
            7.405680111143738,
            46.263110145460814
          ],
          [
            7.405700111296028,
            46.26308014523238
          ],
          [
            7.405730111058801,
            46.26304014539346
          ],
          [
            7.405760111287236,
            46.26300014508888
          ],
          [
            7.405780111439526,
            46.262940145563334
          ],
          [
            7.405780111439526,
            46.2629101453349
          ],
          [
            7.405690111219883,
            46.262710145674646
          ],
          [
            7.4056601114571095,
            46.26268014544621
          ],
          [
            7.405630111228675,
            46.26264014560729
          ],
          [
            7.405590111389756,
            46.262620145455
          ],
          [
            7.4055501110851765,
            46.262620145455
          ],
          [
            7.405490111093968,
            46.26258014515042
          ],
          [
            7.405470110941678,
            46.26257014507428
          ],
          [
            7.405460111331195,
            46.26256014499813
          ],
          [
            7.405460110865533,
            46.262540145311505
          ],
          [
            7.405460110865533,
            46.26253014523536
          ],
          [
            7.405480111017823,
            46.262520145159215
          ],
          [
            7.405520110856742,
            46.262500145006925
          ],
          [
            7.40560011100024,
            46.262460145168006
          ],
          [
            7.405650110915303,
            46.26244014501572
          ],
          [
            7.40598011109978,
            46.262310144957155
          ],
          [
            7.406070110853761,
            46.26226014504209
          ],
          [
            7.406140110921115,
            46.26221014512703
          ],
          [
            7.4061601110734046,
            46.26217014482245
          ],
          [
            7.4061701111495495,
            46.262120144907385
          ],
          [
            7.4061601110734046,
            46.26208014506847
          ],
          [
            7.4061601110734046,
            46.26205014484003
          ],
          [
            7.4061701111495495,
            46.2620301451534
          ],
          [
            7.4062301106750965,
            46.26199014484882
          ],
          [
            7.406360110733658,
            46.26194014493376
          ],
          [
            7.406470111105591,
            46.26188014494255
          ],
          [
            7.406570110935718,
            46.2618101448752
          ],
          [
            7.406650111079216,
            46.261780144646764
          ],
          [
            7.406720110680908,
            46.2617301447317
          ],
          [
            7.406790110748261,
            46.26169014489278
          ],
          [
            7.406900110654533,
            46.26164014497772
          ],
          [
            7.407040110789239,
            46.26158014498651
          ],
          [
            7.407110110856593,
            46.26154014468193
          ],
          [
            7.407170110847801,
            46.26149014476687
          ],
          [
            7.407240110915154,
            46.26141014462337
          ],
          [
            7.407320110592991,
            46.26126014487818
          ],
          [
            7.407350110821426,
            46.26124014472589
          ],
          [
            7.407410110812634,
            46.26120014488697
          ],
          [
            7.407450110651553,
            46.26116014458239
          ],
          [
            7.4074701108038425,
            46.26111014466733
          ],
          [
            7.4074801108799875,
            46.261060144752264
          ],
          [
            7.4074701108038425,
            46.26095014484599
          ],
          [
            7.4074701108038425,
            46.26090014493093
          ],
          [
            7.4074801108799875,
            46.26086014462635
          ],
          [
            7.407520110718906,
            46.26082014478743
          ],
          [
            7.407610110938549,
            46.26073014456779
          ],
          [
            7.4076401107013226,
            46.26069014472887
          ],
          [
            7.407680111005902,
            46.260620144661516
          ],
          [
            7.407730110920966,
            46.26054014498368
          ],
          [
            7.407770110759884,
            46.26048014452681
          ],
          [
            7.407800110988319,
            46.2604201445356
          ],
          [
            7.4078201106749475,
            46.26035014493391
          ],
          [
            7.407850110903382,
            46.26025014463812
          ],
          [
            7.407850110903382,
            46.26018014457077
          ],
          [
            7.407860110979527,
            46.26012014457956
          ],
          [
            7.407900110818446,
            46.26005014497787
          ],
          [
            7.407940110657364,
            46.25997014483437
          ],
          [
            7.407970110885799,
            46.259920144919306
          ],
          [
            7.407990111038089,
            46.25987014453858
          ],
          [
            7.408010110724717,
            46.25981014454737
          ],
          [
            7.408070110715926,
            46.25966014480218
          ],
          [
            7.408080110792071,
            46.25959014473483
          ],
          [
            7.408120110630989,
            46.259410144761205
          ],
          [
            7.408140110783279,
            46.25933014461771
          ],
          [
            7.408180110622197,
            46.2592701446265
          ],
          [
            7.408200110774487,
            46.25923014478758
          ],
          [
            7.408220110926777,
            46.25914014456794
          ],
          [
            7.408240111079067,
            46.259030144661665
          ],
          [
            7.408240110613406,
            46.25897014467046
          ],
          [
            7.408240110613406,
            46.25895014451817
          ],
          [
            7.408250110689551,
            46.25892014475539
          ],
          [
            7.4082701108418405,
            46.2589001446031
          ],
          [
            7.40831011114642,
            46.258880144916475
          ],
          [
            7.408340110909194,
            46.25887014484033
          ],
          [
            7.408440111204982,
            46.25887014484033
          ],
          [
            7.4084801110439,
            46.258860144764185
          ],
          [
            7.408520110882819,
            46.25883014500141
          ],
          [
            7.408580110874027,
            46.25880014477298
          ],
          [
            7.40863011078909,
            46.2587701450102
          ],
          [
            7.40865011094138,
            46.25876014493406
          ],
          [
            7.408690110780299,
            46.258710145018995
          ],
          [
            7.4087301110848784,
            46.25868014479056
          ],
          [
            7.4087301110848784,
            46.25859014457092
          ],
          [
            7.408710110932589,
            46.25853014504537
          ],
          [
            7.408700110856444,
            46.25849014474079
          ],
          [
            7.408680111169815,
            46.25846014497802
          ],
          [
            7.40867011109367,
            46.25845014490187
          ],
          [
            7.40865011094138,
            46.25842014467344
          ],
          [
            7.408410110976547,
            46.25817014463246
          ],
          [
            7.408400110900402,
            46.258160144556314
          ],
          [
            7.408310110680759,
            46.258100144565105
          ],
          [
            7.40829011099413,
            46.25808014487848
          ],
          [
            7.4082701108418405,
            46.25806014472619
          ],
          [
            7.4081701105460525,
            46.2579601444304
          ],
          [
            7.408120110630989,
            46.257910144515336
          ],
          [
            7.408070110715926,
            46.25786014460027
          ],
          [
            7.407960110809654,
            46.257760144770145
          ],
          [
            7.407860110513866,
            46.25768014462665
          ],
          [
            7.407750110607594,
            46.25760014448315
          ],
          [
            7.407700110692531,
            46.257570144720376
          ],
          [
            7.407540110871196,
            46.25750014465302
          ],
          [
            7.4074801108799875,
            46.25747014489025
          ],
          [
            7.407440110575408,
            46.25747014442459
          ],
          [
            7.407400110736489,
            46.25747014442459
          ],
          [
            7.407230110839009,
            46.25747014442459
          ],
          [
            7.407160110771656,
            46.257460144814104
          ],
          [
            7.407140110619366,
            46.2574501442723
          ],
          [
            7.407120110467076,
            46.257440144661814
          ],
          [
            7.407040110789239,
            46.25739014474675
          ],
          [
            7.406920110806823,
            46.25731014460325
          ],
          [
            7.406910110730678,
            46.25731014460325
          ],
          [
            7.406770110595971,
            46.25720014469698
          ],
          [
            7.406700110528618,
            46.25714014424011
          ],
          [
            7.406650110613555,
            46.25709014479071
          ],
          [
            7.406530110631138,
            46.2570301447995
          ],
          [
            7.406420110724866,
            46.25699014449492
          ],
          [
            7.406370110809803,
            46.25696014473215
          ],
          [
            7.406350110657513,
            46.25696014473215
          ],
          [
            7.406290110666305,
            46.25694014457986
          ],
          [
            7.406270110514015,
            46.25694014457986
          ],
          [
            7.406180110760033,
            46.25696014473215
          ],
          [
            7.406150110531598,
            46.25696014473215
          ],
          [
            7.40609011054039,
            46.25696014473215
          ],
          [
            7.406040110625327,
            46.25696014473215
          ],
          [
            7.406020110473037,
            46.25696014473215
          ],
          [
            7.406020110473037,
            46.25696014473215
          ],
          [
            7.406010110862553,
            46.25696014473215
          ],
          [
            7.405930110719055,
            46.25693014450371
          ],
          [
            7.40592011064291,
            46.25693014450371
          ],
          [
            7.40590011049062,
            46.25692014442757
          ],
          [
            7.405840110499412,
            46.25690014427528
          ],
          [
            7.405790110584348,
            46.256870144512504
          ],
          [
            7.40571011044085,
            46.256830144673586
          ],
          [
            7.405650110449642,
            46.256790144369006
          ],
          [
            7.405550110619515,
            46.2567301443778
          ],
          [
            7.405530110467225,
            46.25671014422551
          ],
          [
            7.4055101103149354,
            46.25670014414936
          ],
          [
            7.405450110789388,
            46.256660144310445
          ],
          [
            7.405410110484809,
            46.2566501442343
          ],
          [
            7.405380110722035,
            46.256640144623816
          ],
          [
            7.405280110426247,
            46.256620144471526
          ],
          [
            7.40518011059612,
            46.25659014424309
          ],
          [
            7.405110110528767,
            46.256580144166946
          ],
          [
            7.405060110613704,
            46.25656014448032
          ],
          [
            7.4049801104702055,
            46.25654014432803
          ],
          [
            7.404900110792369,
            46.25648014433682
          ],
          [
            7.404890110716224,
            46.25646014465019
          ],
          [
            7.404860110487789,
            46.2564401444979
          ],
          [
            7.4048201106488705,
            46.2563601443544
          ],
          [
            7.4048101105727255,
            46.25631014443934
          ],
          [
            7.404760110657662,
            46.25623014429584
          ],
          [
            7.404720110353082,
            46.25618014438078
          ],
          [
            7.404670110438019,
            46.256150144618005
          ],
          [
            7.404600110370666,
            46.25612014438957
          ],
          [
            7.404550110455602,
            46.25610014423728
          ],
          [
            7.404530110768974,
            46.256090144626796
          ],
          [
            7.404490110464394,
            46.25608014455065
          ],
          [
            7.404400110710412,
            46.25602014455944
          ],
          [
            7.404300110414624,
            46.25600014440715
          ],
          [
            7.404280110262334,
            46.25599014433101
          ],
          [
            7.404120110440999,
            46.25598014425486
          ],
          [
            7.403920110780746,
            46.25595014449209
          ],
          [
            7.403880110476166,
            46.25595014449209
          ],
          [
            7.4038501107133925,
            46.25595014449209
          ],
          [
            7.403770110569894,
            46.255960144568235
          ],
          [
            7.403720110654831,
            46.25597014464438
          ],
          [
            7.4036801108159125,
            46.255960144568235
          ],
          [
            7.403660110663623,
            46.255960144568235
          ],
          [
            7.403650110587478,
            46.255960144568235
          ],
          [
            7.403620110824704,
            46.255940144415945
          ],
          [
            7.403580110520124,
            46.25591014465317
          ],
          [
            7.403550110757351,
            46.25589014450088
          ],
          [
            7.403520110528916,
            46.25586014427245
          ],
          [
            7.403480110689998,
            46.25581014435738
          ],
          [
            7.403450110461563,
            46.255770144518465
          ],
          [
            7.4034001105464995,
            46.25571014452726
          ],
          [
            7.40338011039421,
            46.25568014429882
          ],
          [
            7.403330110479146,
            46.25565014453605
          ],
          [
            7.4032201105728745,
            46.25561014423147
          ],
          [
            7.403150110505521,
            46.255580144468695
          ],
          [
            7.4030501106753945,
            46.25555014424026
          ],
          [
            7.402900110464543,
            46.25553014455363
          ],
          [
            7.4027801104821265,
            46.2555001443252
          ],
          [
            7.402740110643208,
            46.25549014424905
          ],
          [
            7.402650110423565,
            46.25544014433399
          ],
          [
            7.402520110365003,
            46.25536014419049
          ],
          [
            7.40249011060223,
            46.25533014442772
          ],
          [
            7.40247011044994,
            46.25532014435157
          ],
          [
            7.4024301106110215,
            46.25527014443651
          ],
          [
            7.402410110458732,
            46.25525014428422
          ],
          [
            7.402380110695958,
            46.25523014413193
          ],
          [
            7.40232011070475,
            46.25519014429301
          ],
          [
            7.402270110324025,
            46.25516014453024
          ],
          [
            7.402210110332817,
            46.2551301443018
          ],
          [
            7.402180110570043,
            46.25512014422566
          ],
          [
            7.402140110265464,
            46.25511014414951
          ],
          [
            7.402100110426545,
            46.25509014446288
          ],
          [
            7.402040110435337,
            46.255070144310594
          ],
          [
            7.401910110376775,
            46.25502014439553
          ],
          [
            7.401840110309422,
            46.254990144167095
          ],
          [
            7.401720110327005,
            46.25496014440432
          ],
          [
            7.401680110488087,
            46.25495014432818
          ],
          [
            7.401620110496879,
            46.25495014432818
          ],
          [
            7.40158011065796,
            46.25495014432818
          ],
          [
            7.4015301102772355,
            46.25496014440432
          ],
          [
            7.401490110438317,
            46.25493014417589
          ],
          [
            7.401470110286027,
            46.2549101440236
          ],
          [
            7.401460110209882,
            46.25489014433697
          ],
          [
            7.401450110133737,
            46.254860144108534
          ],
          [
            7.401400110218674,
            46.25487014418468
          ],
          [
            7.401380110532045,
            46.25487014418468
          ],
          [
            7.4013601103797555,
            46.25476014427841
          ],
          [
            7.401350110303611,
            46.25473014404997
          ],
          [
            7.401350110303611,
            46.25472014397383
          ],
          [
            7.401320110075176,
            46.25466014398262
          ],
          [
            7.401310109999031,
            46.254650143906474
          ],
          [
            7.401300110388547,
            46.25464014383033
          ],
          [
            7.401210110168904,
            46.254570143762976
          ],
          [
            7.401170110329986,
            46.2545401440002
          ],
          [
            7.401150110177696,
            46.25453014392406
          ],
          [
            7.401030110195279,
            46.25451014423743
          ],
          [
            7.400950110517442,
            46.254500144161284
          ],
          [
            7.400950110517442,
            46.254500144161284
          ],
          [
            7.400930110365152,
            46.25451014423743
          ],
          [
            7.400890110526234,
            46.254520144313574
          ],
          [
            7.400880110450089,
            46.2545401440002
          ],
          [
            7.400840110145509,
            46.25457014422864
          ],
          [
            7.400800110306591,
            46.25460014399141
          ],
          [
            7.400720110163093,
            46.254610144067556
          ],
          [
            7.400700110476464,
            46.254610144067556
          ],
          [
            7.400640110485256,
            46.254610144067556
          ],
          [
            7.4005701104179025,
            46.25460014399141
          ],
          [
            7.400500110350549,
            46.254590143915266
          ],
          [
            7.4004601100459695,
            46.254570143762976
          ],
          [
            7.400440110359341,
            46.25457014422864
          ],
          [
            7.400310110300779,
            46.254500144161284
          ],
          [
            7.400220110081136,
            46.254440144170076
          ],
          [
            7.400090110022575,
            46.25436014402658
          ],
          [
            7.400040110107511,
            46.25428014388308
          ],
          [
            7.400030110031366,
            46.254270143806934
          ],
          [
            7.4000101098790765,
            46.254230143968016
          ],
          [
            7.399950109887868,
            46.25417014397681
          ],
          [
            7.39993011020124,
            46.25414014374837
          ],
          [
            7.39989010989666,
            46.25409014383331
          ],
          [
            7.399860110133886,
            46.25405014399439
          ],
          [
            7.399830110371113,
            46.2540301438421
          ],
          [
            7.399780109990388,
            46.25401014415547
          ],
          [
            7.399750110227615,
            46.25401014415547
          ],
          [
            7.3996701100841165,
            46.25400014407933
          ],
          [
            7.399600110016763,
            46.25399014400318
          ],
          [
            7.399520109873265,
            46.25399014400318
          ],
          [
            7.399350109975785,
            46.25392014393583
          ],
          [
            7.39921011030674,
            46.25388014409691
          ],
          [
            7.3991501103155315,
            46.253850143868476
          ],
          [
            7.39902011025697,
            46.25380014395341
          ],
          [
            7.398950110189617,
            46.25378014380112
          ],
          [
            7.398840109817684,
            46.25376014364883
          ],
          [
            7.39879010990262,
            46.25375014357269
          ],
          [
            7.398750110063702,
            46.253740143962204
          ],
          [
            7.3986901100724936,
            46.253720143809915
          ],
          [
            7.398630110081285,
            46.253700143657625
          ],
          [
            7.39862011000514,
            46.25369014358148
          ],
          [
            7.39860010985285,
            46.253680143505335
          ],
          [
            7.398360109888017,
            46.25350014399737
          ],
          [
            7.398320110049099,
            46.25348014384508
          ],
          [
            7.398220109753311,
            46.25343014393002
          ],
          [
            7.398210110142827,
            46.25342014385387
          ],
          [
            7.398190109990537,
            46.25341014377773
          ],
          [
            7.398100109770894,
            46.25339014362544
          ],
          [
            7.398030110169202,
            46.25338014354929
          ],
          [
            7.397920109797269,
            46.25337014393881
          ],
          [
            7.397850109729916,
            46.25337014393881
          ],
          [
            7.3978001098148525,
            46.25337014393881
          ],
          [
            7.397680109832436,
            46.253380144014955
          ],
          [
            7.397570109926164,
            46.25339014362544
          ],
          [
            7.397530110087246,
            46.25339014362544
          ],
          [
            7.397470110096037,
            46.253380144014955
          ],
          [
            7.397310110274702,
            46.253340143710375
          ],
          [
            7.397130109835416,
            46.253300143871456
          ],
          [
            7.396970110014081,
            46.25326014403254
          ],
          [
            7.396920110099018,
            46.25325014395639
          ],
          [
            7.396810110192746,
            46.2532301438041
          ],
          [
            7.396740110125393,
            46.25320014404133
          ],
          [
            7.396610110066831,
            46.25314014405012
          ],
          [
            7.396580110304058,
            46.25311014382169
          ],
          [
            7.396440110169351,
            46.25303014367819
          ],
          [
            7.396340109873563,
            46.252980143763125
          ],
          [
            7.3963101101107895,
            46.252960143610835
          ],
          [
            7.39627010980621,
            46.252960143610835
          ],
          [
            7.39625010965392,
            46.252960143610835
          ],
          [
            7.396220109891146,
            46.25295014353469
          ],
          [
            7.396110109984875,
            46.25291014369577
          ],
          [
            7.3960301098413765,
            46.252880143933
          ],
          [
            7.395980109926313,
            46.25286014378071
          ],
          [
            7.39576011011377,
            46.25276014348492
          ],
          [
            7.395680109970272,
            46.25270014349371
          ],
          [
            7.395610109902918,
            46.25266014365479
          ],
          [
            7.395560109987855,
            46.25263014342636
          ],
          [
            7.39551010960713,
            46.252600143663585
          ],
          [
            7.395440110005438,
            46.25256014382467
          ],
          [
            7.39536010986194,
            46.25252014352009
          ],
          [
            7.395290109794587,
            46.25248014368117
          ],
          [
            7.395210109651089,
            46.252450143918395
          ],
          [
            7.39517010981217,
            46.25244014384225
          ],
          [
            7.395130109973252,
            46.252430143766105
          ],
          [
            7.395080110058188,
            46.252410143613815
          ],
          [
            7.39500010991469,
            46.2523701437749
          ],
          [
            7.394630109891295,
            46.25223014364019
          ],
          [
            7.394590110052377,
            46.2522101434879
          ],
          [
            7.394550109747797,
            46.25219014380127
          ],
          [
            7.394500109832734,
            46.25217014364898
          ],
          [
            7.394490109756589,
            46.25217014364898
          ],
          [
            7.394460109993815,
            46.25216014357284
          ],
          [
            7.394430109765381,
            46.25215014349669
          ],
          [
            7.394350109621882,
            46.25212014373392
          ],
          [
            7.394110109657049,
            46.252070143353194
          ],
          [
            7.3938301098532975,
            46.2520001437515
          ],
          [
            7.393770109862089,
            46.25198014359921
          ],
          [
            7.393560109660029,
            46.251940143760294
          ],
          [
            7.393510109744966,
            46.251940143760294
          ],
          [
            7.393430109601468,
            46.25193014368415
          ],
          [
            7.393400109838694,
            46.251920143608004
          ],
          [
            7.393400109838694,
            46.251920143608004
          ],
          [
            7.393280109856278,
            46.25191014353186
          ],
          [
            7.393120110034943,
            46.251900143455714
          ],
          [
            7.393060110043734,
            46.25189014384523
          ],
          [
            7.392990109976381,
            46.251880143769085
          ],
          [
            7.392980109900236,
            46.251880143769085
          ],
          [
            7.392900109756738,
            46.25185014354065
          ],
          [
            7.392660109791905,
            46.25180014362559
          ],
          [
            7.392600109800696,
            46.2517801434733
          ],
          [
            7.39248010981828,
            46.25176014378667
          ],
          [
            7.392440109979361,
            46.251750143710524
          ],
          [
            7.392390109598637,
            46.25174014363438
          ],
          [
            7.39227010961622,
            46.25172014348209
          ],
          [
            7.392160109709948,
            46.251710143405944
          ],
          [
            7.391920109745115,
            46.251710143405944
          ],
          [
            7.391860109753907,
            46.251710143405944
          ],
          [
            7.391810109838843,
            46.25170014379546
          ],
          [
            7.3917901096865535,
            46.25170014379546
          ],
          [
            7.3917201096192,
            46.251690143719316
          ],
          [
            7.391680109780282,
            46.25168014364317
          ],
          [
            7.3916201097890735,
            46.25166014349088
          ],
          [
            7.3916101097129285,
            46.251650143414736
          ],
          [
            7.391520109958947,
            46.25162014365196
          ],
          [
            7.391370109748095,
            46.251560143660754
          ],
          [
            7.391330109909177,
            46.251540143508464
          ],
          [
            7.391280109528452,
            46.251520143356174
          ],
          [
            7.391090109478682,
            46.25147014344111
          ],
          [
            7.390930109657347,
            46.25140014337376
          ],
          [
            7.3907201094552875,
            46.25134014338255
          ],
          [
            7.390690109692514,
            46.251330143306404
          ],
          [
            7.390630109701306,
            46.25130014354363
          ],
          [
            7.390450109727681,
            46.251250143162906
          ],
          [
            7.390290109440684,
            46.25118014309555
          ],
          [
            7.390250109601766,
            46.25117014348507
          ],
          [
            7.390110109467059,
            46.251140143256634
          ],
          [
            7.390080109238625,
            46.25113014318049
          ],
          [
            7.390030109323561,
            46.251120143104345
          ],
          [
            7.389870109502226,
            46.251100143417716
          ],
          [
            7.389790109358728,
            46.251080143265426
          ],
          [
            7.3895801096223295,
            46.25105014303699
          ],
          [
            7.389550109393895,
            46.25105014303699
          ],
          [
            7.3894001096487045,
            46.25104014342651
          ],
          [
            7.389340109657496,
            46.25103014335036
          ],
          [
            7.3892901092767715,
            46.25103014335036
          ],
          [
            7.38922010967508,
            46.25105014350265
          ],
          [
            7.389160109683871,
            46.251060143113136
          ],
          [
            7.389100109692663,
            46.251080143265426
          ],
          [
            7.389050109311938,
            46.25109014334157
          ],
          [
            7.389020109549165,
            46.25109014334157
          ],
          [
            7.3889501094818115,
            46.251100143417716
          ],
          [
            7.388920109253377,
            46.251100143417716
          ],
          [
            7.388890109490603,
            46.251100143417716
          ],
          [
            7.388830109499395,
            46.251100143417716
          ],
          [
            7.3887901096604764,
            46.251100143417716
          ],
          [
            7.38865010952577,
            46.25107014318928
          ],
          [
            7.388580109458417,
            46.25105014303699
          ],
          [
            7.388530109543353,
            46.25105014303699
          ],
          [
            7.388410109560937,
            46.251040142960846
          ],
          [
            7.388380109332502,
            46.25103014335036
          ],
          [
            7.3883301094174385,
            46.25102014327422
          ],
          [
            7.388230109587312,
            46.25101014319807
          ],
          [
            7.388180109206587,
            46.25100014312193
          ],
          [
            7.388020109385252,
            46.2509801434353
          ],
          [
            7.38789010932669,
            46.25096014328301
          ],
          [
            7.387820109259337,
            46.25094014313072
          ],
          [
            7.387630109209567,
            46.250890143215656
          ],
          [
            7.387630109209567,
            46.250890143215656
          ],
          [
            7.3875401094555855,
            46.25086014298722
          ],
          [
            7.387510109227151,
            46.25085014291108
          ],
          [
            7.387500109151006,
            46.25084014330059
          ],
          [
            7.387330109253526,
            46.25075014308095
          ],
          [
            7.3872501091100276,
            46.250720143318176
          ],
          [
            7.387200109194964,
            46.25071014324203
          ],
          [
            7.387110109440982,
            46.2506801430136
          ],
          [
            7.387050109449774,
            46.25065014325082
          ],
          [
            7.386930109467357,
            46.25060014333576
          ],
          [
            7.386880109086633,
            46.250590143259615
          ],
          [
            7.386860109400004,
            46.250590143259615
          ],
          [
            7.386790109332651,
            46.250590143259615
          ],
          [
            7.386780109256506,
            46.250590143259615
          ],
          [
            7.386770109180361,
            46.250590143259615
          ],
          [
            7.386760109104216,
            46.25058014318347
          ],
          [
            7.386720109265298,
            46.250570143107325
          ],
          [
            7.3866401091217995,
            46.250550142955035
          ],
          [
            7.386610109359026,
            46.250530142802745
          ],
          [
            7.386520109139383,
            46.25048014288768
          ],
          [
            7.386430109385401,
            46.25044014304876
          ],
          [
            7.386340109165758,
            46.25037014298141
          ],
          [
            7.386320109013468,
            46.25035014282912
          ],
          [
            7.386270109098405,
            46.25030014291406
          ],
          [
            7.386250109411776,
            46.25028014276177
          ],
          [
            7.386190109420568,
            46.2502301428467
          ],
          [
            7.386150109115988,
            46.25020014308393
          ],
          [
            7.386100109200925,
            46.25015014316887
          ],
          [
            7.386060109362006,
            46.25011014286429
          ],
          [
            7.386050109285861,
            46.25010014278814
          ],
          [
            7.386040109209716,
            46.25010014278814
          ],
          [
            7.386040109209716,
            46.25009014317766
          ],
          [
            7.38594010937959,
            46.25006014294922
          ],
          [
            7.385910109151155,
            46.250040142796934
          ],
          [
            7.385890108998865,
            46.25003014272079
          ],
          [
            7.385860109236091,
            46.25001014303416
          ],
          [
            7.385800109244883,
            46.24997014272958
          ],
          [
            7.38575010932982,
            46.24993014289066
          ],
          [
            7.385700108949095,
            46.24991014273837
          ],
          [
            7.385700108949095,
            46.24990014266223
          ],
          [
            7.385650109034032,
            46.24989014305174
          ],
          [
            7.385620109271258,
            46.24989014305174
          ],
          [
            7.385530109051615,
            46.2498801429756
          ],
          [
            7.385420109145343,
            46.2498801429756
          ],
          [
            7.38535010907799,
            46.249870142899454
          ],
          [
            7.385310109239072,
            46.24986014282331
          ],
          [
            7.385260109324008,
            46.249850142747164
          ],
          [
            7.3852201090194285,
            46.24984014267102
          ],
          [
            7.385130109265447,
            46.2498001428321
          ],
          [
            7.3850501091219485,
            46.24976014299318
          ],
          [
            7.385010108817369,
            46.24975014291704
          ],
          [
            7.384940109215677,
            46.2497201426886
          ],
          [
            7.384900108911097,
            46.24970014253631
          ],
          [
            7.3848801092244685,
            46.24969014292583
          ],
          [
            7.38482010923326,
            46.249660142697394
          ],
          [
            7.384740109089762,
            46.249620142858475
          ],
          [
            7.384680109098554,
            46.24959014263004
          ],
          [
            7.384620109107345,
            46.24955014279112
          ],
          [
            7.384625514037907,
            46.24954469315708
          ],
          [
            7.384528324007988,
            46.24948527524248
          ],
          [
            7.384379300754517,
            46.24939344730228
          ],
          [
            7.3843146045692265,
            46.24925848143175
          ],
          [
            7.384306916035712,
            46.24916852172464
          ],
          [
            7.384299227502197,
            46.24907856155187
          ],
          [
            7.38429153803736,
            46.248989501502365
          ],
          [
            7.38428514637053,
            46.248899542260915
          ],
          [
            7.384277457837015,
            46.248809582553804
          ],
          [
            7.384269769303501,
            46.24871962284669
          ],
          [
            7.384263359941542,
            46.24864675523713
          ],
          [
            7.384221954271197,
            46.24856127658859
          ],
          [
            7.38418054766953,
            46.24847669713199
          ],
          [
            7.384139141999185,
            46.24839121894911
          ],
          [
            7.3840977367945015,
            46.248305740300566
          ],
          [
            7.384056331589818,
            46.24822026165202
          ],
          [
            7.384014925453812,
            46.248135682661086
          ],
          [
            7.383965756744146,
            46.248034907504916
          ],
          [
            7.383939913939685,
            46.24794673779979
          ],
          [
            7.38391277519986,
            46.24785856762901
          ],
          [
            7.3838882255367935,
            46.247773997019976
          ],
          [
            7.383771649096161,
            46.24765699636191
          ],
          [
            7.383679654914886,
            46.24759308202192
          ],
          [
            7.383588956203312,
            46.2475300678052
          ],
          [
            7.383496962022036,
            46.24746615346521
          ],
          [
            7.383382941130549,
            46.247386935632676
          ],
          [
            7.3832636890001595,
            46.24735179357231
          ],
          [
            7.38314443686977,
            46.24731665151194
          ],
          [
            7.382955188862979,
            46.24726078379899
          ],
          [
            7.382852813694626,
            46.247205859050155
          ],
          [
            7.382750438526273,
            46.24715093476698
          ],
          [
            7.382648063823581,
            46.24709601001814
          ],
          [
            7.382544392254204,
            46.24704108433798
          ],
          [
            7.382442018017173,
            46.24698615912348
          ],
          [
            7.382339644711465,
            46.246930334717035
          ],
          [
            7.382237270474434,
            46.2468754099682
          ],
          [
            7.382134896703064,
            46.2468204847537
          ],
          [
            7.382032522931695,
            46.24676555907354
          ],
          [
            7.381928852759302,
            46.246710632927716
          ],
          [
            7.3818264794535935,
            46.246655707247555
          ],
          [
            7.381762982811779,
            46.24662149138749
          ],
          [
            7.381667099427432,
            46.24656027229503
          ],
          [
            7.381572511978447,
            46.24649995332584
          ],
          [
            7.381439053919166,
            46.24641442624852
          ],
          [
            7.381380793172866,
            46.24633433576673
          ],
          [
            7.38130958750844,
            46.246234447695315
          ],
          [
            7.381185140926391,
            46.246210095472634
          ],
          [
            7.381060694810003,
            46.24618574278429
          ],
          [
            7.38093495182693,
            46.24616138916463
          ],
          [
            7.3808040246367455,
            46.24613523390144
          ],
          [
            7.38070295099169,
            46.246079409029335
          ],
          [
            7.380600582342595,
            46.24602268310264
          ],
          [
            7.380499509163201,
            46.24596685776487
          ],
          [
            7.380398436449468,
            46.24591103196144
          ],
          [
            7.380297363735735,
            46.24585520615801
          ],
          [
            7.380233869887888,
            46.245820090174675
          ],
          [
            7.380118518136442,
            46.24577954877168
          ],
          [
            7.38000186951831,
            46.24573990702629
          ],
          [
            7.37981912214309,
            46.24567594146356
          ],
          [
            7.379729730077088,
            46.24561112606898
          ],
          [
            7.379639041144401,
            46.245546309277415
          ],
          [
            7.379549649078399,
            46.245481493882835
          ],
          [
            7.379460257478058,
            46.245416678488255
          ],
          [
            7.379369569476694,
            46.24535186216235
          ],
          [
            7.3792801783420146,
            46.24528704630211
          ],
          [
            7.3791907876729965,
            46.24522132985294
          ],
          [
            7.379101396538317,
            46.245156513527036
          ],
          [
            7.379010709002614,
            46.24509169626981
          ],
          [
            7.378921318333596,
            46.24502687994391
          ],
          [
            7.378847473766655,
            46.244973766151816
          ],
          [
            7.378729528747499,
            46.244935920927674
          ],
          [
            7.378612880595028,
            46.24489807616919
          ],
          [
            7.378494936507195,
            46.24486023141071
          ],
          [
            7.378316076938063,
            46.24480256298557
          ],
          [
            7.378225390799344,
            46.24473774526268
          ],
          [
            7.378136001992971,
            46.24467292847112
          ],
          [
            7.378045316785574,
            46.24460811074823
          ],
          [
            7.377927426248789,
            46.24452348751947
          ],
          [
            7.3778159762732685,
            46.24447664944455
          ],
          [
            7.377705821767449,
            46.24443071195856
          ],
          [
            7.37759437225759,
            46.24438387341797
          ],
          [
            7.377482921350747,
            46.244337934535
          ],
          [
            7.377372768241912,
            46.244291096460074
          ],
          [
            7.377261319197714,
            46.24424425791949
          ],
          [
            7.377149869687855,
            46.244198319036514
          ],
          [
            7.376981400884688,
            46.24412716040388
          ],
          [
            7.376856961287558,
            46.244102803524584
          ],
          [
            7.376731225289404,
            46.24407844571397
          ],
          [
            7.376606784760952,
            46.24405498756096
          ],
          [
            7.3765147514641285,
            46.24403694504872
          ],
          [
            7.376411091070622,
            46.24398291343823
          ],
          [
            7.376307430677116,
            46.24392888182774
          ],
          [
            7.376203771214932,
            46.24387485021725
          ],
          [
            7.376100111287087,
            46.243820818606764
          ],
          [
            7.3759964518249035,
            46.243766786530614
          ],
          [
            7.376000108197331,
            46.24377014162019
          ],
          [
            7.376000108197331,
            46.24377014162019
          ],
          [
            7.376000108197331,
            46.24377014162019
          ],
          [
            7.375960108358413,
            46.243760141544044
          ],
          [
            7.375960108358413,
            46.243760141544044
          ],
          [
            7.37585010798648,
            46.243760141544044
          ],
          [
            7.3758201082237065,
            46.24375014193356
          ],
          [
            7.375710108317435,
            46.24371014162898
          ],
          [
            7.37566010793671,
            46.243700141552836
          ],
          [
            7.375620108097792,
            46.24369014194235
          ],
          [
            7.375580108258873,
            46.24369014194235
          ],
          [
            7.375400108285248,
            46.24369014194235
          ],
          [
            7.37532010814175,
            46.24368014186621
          ],
          [
            7.375110108405352,
            46.24360014172271
          ],
          [
            7.374880108051002,
            46.2435401417315
          ],
          [
            7.374820108059794,
            46.24351014196873
          ],
          [
            7.374780108220875,
            46.24350014189258
          ],
          [
            7.374670108314604,
            46.243440141901374
          ],
          [
            7.3745801080949605,
            46.243400141596794
          ],
          [
            7.374460108112544,
            46.24337014183402
          ],
          [
            7.374340108130127,
            46.243360141757876
          ],
          [
            7.374310107901692,
            46.243360141757876
          ],
          [
            7.374260107986629,
            46.243340141605586
          ],
          [
            7.374190107919276,
            46.24332014191896
          ],
          [
            7.374030108097941,
            46.24328014161438
          ],
          [
            7.373920108191669,
            46.24324014177546
          ],
          [
            7.373870108276606,
            46.243230141699314
          ],
          [
            7.373840108048171,
            46.24320014147088
          ],
          [
            7.373800108209252,
            46.243170141708106
          ],
          [
            7.373770107980818,
            46.243150141555816
          ],
          [
            7.373720108065754,
            46.24312014179304
          ],
          [
            7.373660108074546,
            46.24310014164075
          ],
          [
            7.3736101081594825,
            46.24309014156461
          ],
          [
            7.373480108100921,
            46.24308014148846
          ],
          [
            7.373420108109713,
            46.24307014187798
          ],
          [
            7.373340107966214,
            46.24307014187798
          ],
          [
            7.373310108203441,
            46.24307014187798
          ],
          [
            7.373250108212233,
            46.243060141801834
          ],
          [
            7.373090107925236,
            46.2430301415734
          ],
          [
            7.372920108027756,
            46.242980141658336
          ],
          [
            7.372740108054131,
            46.24293014174327
          ],
          [
            7.372660107910633,
            46.24290014151484
          ],
          [
            7.37261010799557,
            46.24289014143869
          ],
          [
            7.372560108080506,
            46.242870141752064
          ],
          [
            7.372500108089298,
            46.242870141752064
          ],
          [
            7.372430108021945,
            46.242870141752064
          ],
          [
            7.37240010779351,
            46.242870141752064
          ],
          [
            7.372300107963383,
            46.242850141599774
          ],
          [
            7.372130108065903,
            46.242820141837
          ],
          [
            7.371990107931197,
            46.24280014168471
          ],
          [
            7.371900108177215,
            46.242790141608566
          ],
          [
            7.371900108177215,
            46.242790141608566
          ],
          [
            7.371860107872635,
            46.24278014153242
          ],
          [
            7.3718401081860065,
            46.242770141456276
          ],
          [
            7.371810107957572,
            46.242770141456276
          ],
          [
            7.371730107814074,
            46.242770141456276
          ],
          [
            7.371620107907802,
            46.242770141456276
          ],
          [
            7.371460108086467,
            46.24276014138013
          ],
          [
            7.371410108171403,
            46.24276014138013
          ],
          [
            7.371270108036697,
            46.24276014138013
          ],
          [
            7.371250107884407,
            46.24276014138013
          ],
          [
            7.371040108148009,
            46.242770141456276
          ],
          [
            7.370990107767284,
            46.24278014153242
          ],
          [
            7.37096010800451,
            46.24278014153242
          ],
          [
            7.370860107708722,
            46.24278014153242
          ],
          [
            7.37079010810703,
            46.24278014153242
          ],
          [
            7.370740107726306,
            46.24278014153242
          ],
          [
            7.370550107676536,
            46.24280014121905
          ],
          [
            7.370440107770264,
            46.242810141295195
          ],
          [
            7.370400107931346,
            46.24282014137134
          ],
          [
            7.370370107702911,
            46.242830141447484
          ],
          [
            7.3703201077878475,
            46.242830141447484
          ],
          [
            7.370250107720494,
            46.242830141447484
          ],
          [
            7.370180107653141,
            46.242830141447484
          ],
          [
            7.370090107899159,
            46.242830141447484
          ],
          [
            7.370050108060241,
            46.242830141447484
          ],
          [
            7.369990107603371,
            46.242830141447484
          ],
          [
            7.369950107764453,
            46.242830141447484
          ],
          [
            7.369890107773244,
            46.242830141447484
          ],
          [
            7.369840107858181,
            46.242830141447484
          ],
          [
            7.369630107656121,
            46.242830141447484
          ],
          [
            7.369580107741058,
            46.242830141447484
          ],
          [
            7.369460107758641,
            46.242830141447484
          ],
          [
            7.369320107623935,
            46.242810141295195
          ],
          [
            7.369290107861161,
            46.242810141295195
          ],
          [
            7.369260107632726,
            46.242810141295195
          ],
          [
            7.369200107641518,
            46.242810141295195
          ],
          [
            7.369150107726455,
            46.24282014137134
          ],
          [
            7.369130108039826,
            46.24282014137134
          ],
          [
            7.369060107972473,
            46.24284014152363
          ],
          [
            7.369010107591748,
            46.24284014152363
          ],
          [
            7.368980107828975,
            46.24284014152363
          ],
          [
            7.36897010775283,
            46.24284014152363
          ],
          [
            7.368860107846558,
            46.24284014152363
          ],
          [
            7.368810107931495,
            46.24284014152363
          ],
          [
            7.36876010755077,
            46.242830141447484
          ],
          [
            7.368710107635707,
            46.242830141447484
          ],
          [
            7.368670107796788,
            46.242830141447484
          ],
          [
            7.36859010765329,
            46.24284014152363
          ],
          [
            7.3685601078905165,
            46.24284014152363
          ],
          [
            7.368470107670873,
            46.24284014152363
          ],
          [
            7.368350107688457,
            46.24284014152363
          ],
          [
            7.368270107544959,
            46.242830141447484
          ],
          [
            7.368190107867122,
            46.24282014137134
          ],
          [
            7.368100107647479,
            46.242810141295195
          ],
          [
            7.367910107597709,
            46.242790141142905
          ],
          [
            7.367880107834935,
            46.24278014153242
          ],
          [
            7.367760107852519,
            46.242730141151696
          ],
          [
            7.367730107624084,
            46.24272014107555
          ],
          [
            7.367640107870102,
            46.24270014138892
          ],
          [
            7.367580107878894,
            46.24269014131278
          ],
          [
            7.367530107498169,
            46.24267014116049
          ],
          [
            7.367520107422024,
            46.24266014108434
          ],
          [
            7.367440107744187,
            46.242620141245425
          ],
          [
            7.367390107829124,
            46.24261014116928
          ],
          [
            7.367390107829124,
            46.242600141093135
          ],
          [
            7.3673201077617705,
            46.242580141406506
          ],
          [
            7.367270107846707,
            46.242560141254216
          ],
          [
            7.367190107703209,
            46.24254014110193
          ],
          [
            7.3671401077881455,
            46.24254014110193
          ],
          [
            7.367070107720792,
            46.24253014102578
          ],
          [
            7.366880107671022,
            46.24249014118686
          ],
          [
            7.366760107688606,
            46.24247014103457
          ],
          [
            7.366750107612461,
            46.24247014103457
          ],
          [
            7.366650107782334,
            46.242450141347945
          ],
          [
            7.366590107791126,
            46.242450141347945
          ],
          [
            7.366560107562691,
            46.242450141347945
          ],
          [
            7.3665201077237725,
            46.242450141347945
          ],
          [
            7.3664101073518395,
            46.242450141347945
          ],
          [
            7.366270107682794,
            46.24246014142409
          ],
          [
            7.366260107606649,
            46.24246014142409
          ],
          [
            7.366210107691586,
            46.24246014095843
          ],
          [
            7.366190107539296,
            46.24246014095843
          ],
          [
            7.366160107776523,
            46.24246014095843
          ],
          [
            7.366110107395798,
            46.242450141347945
          ],
          [
            7.366010107565671,
            46.2424401412718
          ],
          [
            7.365980107337236,
            46.242430141195655
          ],
          [
            7.365920107346028,
            46.24242014111951
          ],
          [
            7.365780107676983,
            46.242410141043365
          ],
          [
            7.365650107618421,
            46.24240014096722
          ],
          [
            7.365600107703358,
            46.24240014096722
          ],
          [
            7.365600107703358,
            46.24240014096722
          ],
          [
            7.365580107551068,
            46.24240014096722
          ],
          [
            7.36550010740757,
            46.24240014096722
          ],
          [
            7.36533010751009,
            46.24242014111951
          ],
          [
            7.365220107603818,
            46.242430141195655
          ],
          [
            7.365030107554048,
            46.242430141195655
          ],
          [
            7.364910107571632,
            46.24245014088228
          ],
          [
            7.364740107674152,
            46.24252014094964
          ],
          [
            7.364670107606798,
            46.24254014110193
          ],
          [
            7.364640107378364,
            46.24255014117807
          ],
          [
            7.3645901074633,
            46.242560140788555
          ],
          [
            7.364560107234865,
            46.242560141254216
          ],
          [
            7.364500107243657,
            46.242560141254216
          ],
          [
            7.3643801072612405,
            46.24255014117807
          ],
          [
            7.3643701071850955,
            46.24255014117807
          ],
          [
            7.364310107193887,
            46.24254014110193
          ],
          [
            7.364160107448697,
            46.2424901407212
          ],
          [
            7.364110107533634,
            46.2424901407212
          ],
          [
            7.364080107305199,
            46.24250014079735
          ],
          [
            7.364070107229054,
            46.24250014079735
          ],
          [
            7.3640401074662805,
            46.24253014102578
          ],
          [
            7.3640301073901355,
            46.242600141093135
          ],
          [
            7.3640301073901355,
            46.242600141093135
          ],
          [
            7.364020107313991,
            46.24268014077097
          ],
          [
            7.364020107313991,
            46.24272014060989
          ],
          [
            7.364000107161701,
            46.242730140686035
          ],
          [
            7.363910107407719,
            46.24283014098182
          ],
          [
            7.363870107103139,
            46.24285014066845
          ],
          [
            7.363860107026994,
            46.24285014066845
          ],
          [
            7.363850106950849,
            46.24285014066845
          ],
          [
            7.363810107111931,
            46.24285014020279
          ],
          [
            7.363730106502771,
            46.242840140126646
          ],
          [
            7.363650106359273,
            46.24283013958484
          ],
          [
            7.363610106520355,
            46.242840139660984
          ],
          [
            7.36358010629192,
            46.242840139660984
          ],
          [
            7.363530106376857,
            46.24286013934761
          ],
          [
            7.363480105996132,
            46.2428801394999
          ],
          [
            7.363450106233358,
            46.24290013918653
          ],
          [
            7.3634301060810685,
            46.242910139262676
          ],
          [
            7.36343035614118,
            46.24290981143713
          ],
          [
            7.36343015730381,
            46.243051941972226
          ],
          [
            7.363309534266591,
            46.24308514408767
          ],
          [
            7.363188911229372,
            46.243118345271796
          ],
          [
            7.363068286329508,
            46.243152445647866
          ],
          [
            7.362947661429644,
            46.243185645435005
          ],
          [
            7.362827036995441,
            46.243218844756484
          ],
          [
            7.362706412561238,
            46.243252045009285
          ],
          [
            7.362587085459381,
            46.24328524665907
          ],
          [
            7.362457382492721,
            46.24332114076242
          ]
        ]
      }
    },
    {
      "type": "Feature",
      "properties": {
        "id": "7dadff2003e9483aadc606b76b74ca78",
        "name": "Segment 003",
        "order": 3,
        "structure_type": "abandoned",
        "structure_types": [
          "abandoned"
        ],
        "display_mode": "single",
        "bicolor_colors": [],
        "water_status": "unknown",
        "continuous": true
      },
      "geometry": {
        "type": "LineString",
        "coordinates": [
          [
            7.424893424846232,
            46.278819798491895
          ],
          [
            7.424907720182091,
            46.27872984437272
          ],
          [
            7.42492201551795,
            46.27864078991115
          ],
          [
            7.424937607720494,
            46.27855173498392
          ],
          [
            7.4249519016593695,
            46.278464478906244
          ],
          [
            7.424918193835765,
            46.27837721677497
          ],
          [
            7.424884486012161,
            46.27828995510936
          ],
          [
            7.4248352204449475,
            46.27816310990602
          ],
          [
            7.424813189543784,
            46.278074050787836
          ],
          [
            7.424792456440628,
            46.277984991203994
          ],
          [
            7.424770426470786,
            46.277892333455384
          ],
          [
            7.424721150193363,
            46.27780956728384
          ],
          [
            7.424660202581435,
            46.27770790876821
          ],
          [
            7.424575894605368,
            46.27763953106478
          ],
          [
            7.424456566572189,
            46.27754146279767
          ],
          [
            7.424451402388513,
            46.27745150588453
          ],
          [
            7.424446237739176,
            46.277361548971385
          ],
          [
            7.424439776223153,
            46.27727159205824
          ],
          [
            7.424433320760727,
            46.277159145567566
          ],
          [
            7.424371070694178,
            46.27708087535575
          ],
          [
            7.424310118891299,
            46.27700170595199
          ],
          [
            7.4242478692904115,
            46.276922536082566
          ],
          [
            7.424180433619767,
            46.27683526929468
          ],
          [
            7.4241104000248015,
            46.2767596966587
          ],
          [
            7.424040366429836,
            46.27668412448838
          ],
          [
            7.423953474033624,
            46.27658785926178
          ],
          [
            7.423919768538326,
            46.276501496788114
          ],
          [
            7.423895138781518,
            46.27643492538482
          ],
          [
            7.42398726567626,
            46.2763719689101
          ],
          [
            7.424102749209851,
            46.27629102393985
          ],
          [
            7.424184498842806,
            46.27622176846489
          ],
          [
            7.424264951143414,
            46.27615161333233
          ],
          [
            7.4243168560788035,
            46.27610664255917
          ],
          [
            7.4243480153381824,
            46.2760193888098
          ],
          [
            7.424394753295928,
            46.2758907568641
          ],
          [
            7.4244803939946,
            46.27582330117002
          ],
          [
            7.42456603422761,
            46.275755846407264
          ],
          [
            7.424667245708406,
            46.27567489957437
          ],
          [
            7.424660797230899,
            46.27553546614945
          ],
          [
            7.42463487572968,
            46.27544730575755
          ],
          [
            7.4246154353022575,
            46.27537803677842
          ],
          [
            7.424547997303307,
            46.275301564484835
          ],
          [
            7.424481857102364,
            46.275224193464965
          ],
          [
            7.424420905299485,
            46.275153120514005
          ],
          [
            7.424431308172643,
            46.275064065586776
          ],
          [
            7.424441711511463,
            46.27497411053628
          ],
          [
            7.424453412182629,
            46.27488325629383
          ],
          [
            7.424517000559717,
            46.274805003311485
          ],
          [
            7.424580588005483,
            46.274726749863476
          ],
          [
            7.424622114282101,
            46.27467547962442
          ],
          [
            7.424654569476843,
            46.27458822540939
          ],
          [
            7.4246870232746005,
            46.274504569824785
          ],
          [
            7.424738936591893,
            46.27442181715742
          ],
          [
            7.424803827423602,
            46.27432017587125
          ],
          [
            7.424809041433036,
            46.27423022035509
          ],
          [
            7.424816858954728,
            46.2741042827256
          ],
          [
            7.4247014140710235,
            46.27406378695741
          ],
          [
            7.424584672786295,
            46.274023292120546
          ],
          [
            7.424469229765236,
            46.27398279774934
          ],
          [
            7.4243135754950345,
            46.27392790419981
          ],
          [
            7.4242801065556705,
            46.273940139915794
          ]
        ]
      }
    },
    {
      "type": "Feature",
      "properties": {
        "id": "94bdf8554ac24aa6a462baba61a90fc7",
        "name": "Segment 004",
        "order": 4,
        "structure_type": "canalized",
        "structure_types": [
          "canalized"
        ],
        "display_mode": "single",
        "bicolor_colors": [],
        "water_status": "unknown",
        "continuous": true
      },
      "geometry": {
        "type": "LineString",
        "coordinates": [
          [
            7.423460107296705,
            46.27627014182508
          ],
          [
            7.423460107296705,
            46.276260141748935
          ],
          [
            7.423480107448995,
            46.276240141596645
          ],
          [
            7.4235301073640585,
            46.2762301415205
          ],
          [
            7.4236001069657505,
            46.27617014059797
          ],
          [
            7.423630106728524,
            46.27617014059797
          ],
          [
            7.423660106956959,
            46.27617014059797
          ],
          [
            7.423690106719732,
            46.27617014059797
          ],
          [
            7.423720106482506,
            46.276160140521824
          ],
          [
            7.423790106549859,
            46.27613014029339
          ],
          [
            7.423840106464922,
            46.27609014045447
          ],
          [
            7.423960106447339,
            46.275970140472054
          ],
          [
            7.424040106590837,
            46.27594014024362
          ],
          [
            7.424080106429756,
            46.2759001404047
          ],
          [
            7.424160106573254,
            46.27585014048964
          ],
          [
            7.424180106725544,
            46.27583014033735
          ],
          [
            7.424210106488317,
            46.27577014034614
          ],
          [
            7.424250106327236,
            46.27571014035493
          ],
          [
            7.424250106327236,
            46.27569014020264
          ],
          [
            7.424240106251091,
            46.27561014005914
          ],
          [
            7.424230106640607,
            46.27554014045745
          ],
          [
            7.424180106725544,
            46.2754701403901
          ],
          [
            7.424120106734335,
            46.275420140475035
          ],
          [
            7.424070106819272,
            46.27537014055997
          ],
          [
            7.424030106514692,
            46.27534014033154
          ],
          [
            7.424010106362402,
            46.27533014025539
          ],
          [
            7.423990106675774,
            46.27531014056876
          ],
          [
            7.423950106371194,
            46.27528014034033
          ],
          [
            7.423920106608421,
            46.275230140425265
          ],
          [
            7.423900106456131,
            46.27514014020562
          ],
          [
            7.423870106693357,
            46.2751001403667
          ],
          [
            7.423850106541067,
            46.27503014029935
          ],
          [
            7.423850106541067,
            46.27499014046043
          ],
          [
            7.423860106617212,
            46.27491014031693
          ],
          [
            7.423880106769502,
            46.27478014025837
          ],
          [
            7.4240001062862575,
            46.27472014026716
          ],
          [
            7.424010106362402,
            46.27471014019102
          ],
          [
            7.424020106438547,
            46.274680140428245
          ],
          [
            7.424020106438547,
            46.27463014051318
          ],
          [
            7.424030106514692,
            46.27461014036089
          ],
          [
            7.424050106666982,
            46.2745901402086
          ],
          [
            7.424050106666982,
            46.27456014044583
          ],
          [
            7.424070106819272,
            46.27450014045462
          ],
          [
            7.4241001065820456,
            46.27442014077678
          ],
          [
            7.424180106725544,
            46.27440014062449
          ],
          [
            7.424310106784105,
            46.27435014070943
          ],
          [
            7.424370106775314,
            46.27429014025256
          ],
          [
            7.424370106775314,
            46.274190140422434
          ],
          [
            7.42430010670796,
            46.27404014021158
          ],
          [
            7.424290106631815,
            46.273960140068084
          ]
        ]
      }
    }
  ]
}